id	post_source_domain	thread_id	parent_id	body	author	author_fullname	author_avatar_url	timestamp	type	url	image_url	media_url	hashtags	num_likes	num_comments	num_media	location_name	location_latlong	location_city	unix_timestamp	filename	brand	ig_handle	product	category	
C95CCvTu6IM	https://www.instagram.com/naraaziza/	C95CCvTu6IM	C95CCvTu6IM	Gold or white gold jewelry? @prada #pradafinejewelry #ad	naraaziza	nara	https://instagram.fgrq1-1.fna.fbcdn.net/v/t51.2885-19/394482066_690020596202150_346389312048911124_n.jpg?stp=dst-jpg_s150x150&_nc_ht=instagram.fgrq1-1.fna.fbcdn.net&_nc_cat=1&_nc_ohc=7cC87J5tMgMQ7kNvgF4GoX1&edm=AEhyXUkBAAAA&ccb=7-5&oh=00_AYB5qOrEUUlpled7sUVzOVKaVfuHyhBxDazSXqeJAs1bWg&oe=66AFD339&_nc_sid=8f1549	2024-07-26 17:35:04	photo	https://www.instagram.com/p/C95CCvTu6IM	https://instagram.fgrq1-2.fna.fbcdn.net/v/t51.29350-15/452973322_509916571490320_4941956278487618489_n.jpg?stp=dst-jpg_e35&efg=eyJ2ZW5jb2RlX3RhZyI6ImltYWdlX3VybGdlbi4xNDQweDE4MDAuc2RyLmYyOTM1MCJ9&_nc_ht=instagram.fgrq1-2.fna.fbcdn.net&_nc_cat=104&_nc_ohc=MkjYbTert_EQ7kNvgGiFlDc&edm=AEhyXUkBAAAA&ccb=7-5&ig_cache_key=MzQyMDc3NDM2NzEzMjk4MDc3Mw%3D%3D.2-ccb7-5&oh=00_AYBNSmOAPKmYxX8_lXwd1u6xi-g637bpLSj_22GMx9kVQQ&oe=66AFF329&_nc_sid=8f1549	https://instagram.fgrq1-2.fna.fbcdn.net/v/t51.29350-15/452973322_509916571490320_4941956278487618489_n.jpg?stp=dst-jpg_e35&efg=eyJ2ZW5jb2RlX3RhZyI6ImltYWdlX3VybGdlbi4xNDQweDE4MDAuc2RyLmYyOTM1MCJ9&_nc_ht=instagram.fgrq1-2.fna.fbcdn.net&_nc_cat=104&_nc_ohc=MkjYbTert_EQ7kNvgGiFlDc&edm=AEhyXUkBAAAA&ccb=7-5&ig_cache_key=MzQyMDc3NDM2NzEzMjk4MDc3Mw%3D%3D.2-ccb7-5&oh=00_AYBNSmOAPKmYxX8_lXwd1u6xi-g637bpLSj_22GMx9kVQQ&oe=66AFF329&_nc_sid=8f1549	pradafinejewelry,ad	3	620	3				1722008104	452973322_509916571490320_4941956278487618489_n.jpg	Prada	@prada	Luxury Jewelery	Accessories	
C9fQwywOfyL	https://www.instagram.com/naraaziza/	C9fQwywOfyL	C9fQwywOfyL	how tall are you? I�m a 6�0 girly __ @fwrd	naraaziza	nara	https://instagram.fgrq1-1.fna.fbcdn.net/v/t51.2885-19/394482066_690020596202150_346389312048911124_n.jpg?stp=dst-jpg_s150x150&_nc_ht=instagram.fgrq1-1.fna.fbcdn.net&_nc_cat=1&_nc_ohc=7cC87J5tMgMQ7kNvgF4GoX1&edm=AEhyXUkBAAAA&ccb=7-5&oh=00_AYB5qOrEUUlpled7sUVzOVKaVfuHyhBxDazSXqeJAs1bWg&oe=66AFD339&_nc_sid=8f1549	2024-07-16 17:23:26	photo	https://www.instagram.com/p/C9fQwywOfyL	https://instagram.fgrq1-2.fna.fbcdn.net/v/t51.29350-15/451405093_1660965514744041_8063218727065537789_n.jpg?stp=dst-jpg_e35&efg=eyJ2ZW5jb2RlX3RhZyI6ImltYWdlX3VybGdlbi4xNDQweDE4MDAuc2RyLmYyOTM1MCJ9&_nc_ht=instagram.fgrq1-2.fna.fbcdn.net&_nc_cat=109&_nc_ohc=13OznARghfgQ7kNvgFDaMl8&edm=AEhyXUkBAAAA&ccb=7-5&ig_cache_key=MzQxMzUyMDc1Nzk0NDkyNTg5Mg%3D%3D.2-ccb7-5&oh=00_AYBRTiJ3xIXEJrDlfIlSkBGsgvOxImSwPYsP41DGtH18Yw&oe=66AFC96A&_nc_sid=8f1549	https://instagram.fgrq1-2.fna.fbcdn.net/v/t51.29350-15/451405093_1660965514744041_8063218727065537789_n.jpg?stp=dst-jpg_e35&efg=eyJ2ZW5jb2RlX3RhZyI6ImltYWdlX3VybGdlbi4xNDQweDE4MDAuc2RyLmYyOTM1MCJ9&_nc_ht=instagram.fgrq1-2.fna.fbcdn.net&_nc_cat=109&_nc_ohc=13OznARghfgQ7kNvgFDaMl8&edm=AEhyXUkBAAAA&ccb=7-5&ig_cache_key=MzQxMzUyMDc1Nzk0NDkyNTg5Mg%3D%3D.2-ccb7-5&oh=00_AYBRTiJ3xIXEJrDlfIlSkBGsgvOxImSwPYsP41DGtH18Yw&oe=66AFC96A&_nc_sid=8f1549		3	3449	3				1721143406	451405093_1660965514744041_8063218727065537789_n.jpg	FWRD	@fwrd	Luxury clothing and accessories	Clothing, accessories	
C9XcpkTuUvj	https://www.instagram.com/naraaziza/	C9XcpkTuUvj	C9XcpkTuUvj	"Gut health = skin health! What do you swear by? 
 

 Use my code NARASMITH25 for 25% off @seed #seedpartner"	naraaziza	nara	https://instagram.fgrq1-1.fna.fbcdn.net/v/t51.2885-19/394482066_690020596202150_346389312048911124_n.jpg?stp=dst-jpg_s150x150&_nc_ht=instagram.fgrq1-1.fna.fbcdn.net&_nc_cat=1&_nc_ohc=7cC87J5tMgMQ7kNvgF4GoX1&edm=AEhyXUkBAAAA&ccb=7-5&oh=00_AYB5qOrEUUlpled7sUVzOVKaVfuHyhBxDazSXqeJAs1bWg&oe=66AFD339&_nc_sid=8f1549	2024-07-13 16:34:32	video	https://www.instagram.com/p/C9XcpkTuUvj	https://instagram.fgrq1-2.fna.fbcdn.net/v/t51.29350-15/451058513_1868138337035995_873312531061453796_n.jpg?stp=dst-jpg_e15&efg=eyJ2ZW5jb2RlX3RhZyI6ImltYWdlX3VybGdlbi4xNzQweDMwODguc2RyLmYyOTM1MCJ9&_nc_ht=instagram.fgrq1-2.fna.fbcdn.net&_nc_cat=107&_nc_ohc=no_J9BU8txYQ7kNvgHOofAT&edm=AEhyXUkBAAAA&ccb=7-5&ig_cache_key=MzQxMTMyMTI0NDU0MjkxMzUwNw%3D%3D.2-ccb7-5&oh=00_AYDmt--YxvZ9G4VVNeHxj0perEQAflWtgmfu4Bhrscvd7Q&oe=66AFD7F5&_nc_sid=8f1549	https://scontent.cdninstagram.com/o1/v/t16/f2/m69/An_S_p5EvVl1XRSpXVNGuzAa8r857P32CcfreyBzt0f3gQn0-9GAMVLcRnuQnD-5QPt3nqCrQRcU5jT2PhHS1So9.mp4?efg=eyJ2ZW5jb2RlX3RhZyI6Inhwdl9wcm9ncmVzc2l2ZS5JTlNUQUdSQU0uQ0xJUFMuQzMuMTA4MC5kYXNoX2Jhc2VsaW5lXzEwODBwX3YxIn0&_nc_ht=scontent.cdninstagram.com&_nc_cat=100&strext=1&vs=83931948984932e4&_nc_vs=HBksFQIYOnBhc3N0aHJvdWdoX2V2ZXJzdG9yZS9HRGpYSUFOWkUzdUtldllMQU12eXQ1ampHLUUyYnBSMUFBQUYVAALIAQAVAhg6cGFzc3Rocm91Z2hfZXZlcnN0b3JlL0dCeHQ1Qm9kS2ZBbmpzY0dBTnQxZkE4VFdPVVRicV9FQUFBRhUCAsgBACgAGAAbAogHdXNlX29pbAExEnByb2dyZXNzaXZlX3JlY2lwZQExFQAAJpjP5OKgzf4DFQIoAkMzLBdASQzMzMzMzRgWZGFzaF9iYXNlbGluZV8xMDgwcF92MREAdf4HAA%3D%3D&ccb=9-4&oh=00_AYANZGm8-DH3Q4HFVfhlYdzPbPN5oyTqUXb_xR1Kz5vX7Q&oe=66ABE539&_nc_sid=1d576d	seedpartner	3	989	1				1720881272	451058513_1868138337035995_873312531061453796_n.jpg	Seed	@seed	Probiotic supplements for gut health	Health & Wellness	
C9SbK7_uCIl	https://www.instagram.com/naraaziza/	C9SbK7_uCIl	C9SbK7_uCIl	"hot topic- do you have a rug under your dining table? 
 

 Use code NARA10 for a discount on your @ruggable x @goop order #ruggablepartner #ruggablexgoop"	naraaziza	nara	https://instagram.fgrq1-1.fna.fbcdn.net/v/t51.2885-19/394482066_690020596202150_346389312048911124_n.jpg?stp=dst-jpg_s150x150&_nc_ht=instagram.fgrq1-1.fna.fbcdn.net&_nc_cat=1&_nc_ohc=7cC87J5tMgMQ7kNvgF4GoX1&edm=AEhyXUkBAAAA&ccb=7-5&oh=00_AYB5qOrEUUlpled7sUVzOVKaVfuHyhBxDazSXqeJAs1bWg&oe=66AFD339&_nc_sid=8f1549	2024-07-11 17:46:50	video	https://www.instagram.com/p/C9SbK7_uCIl	https://instagram.fgrq1-2.fna.fbcdn.net/v/t51.29350-15/450386861_1447242549319324_2831994596473830801_n.jpg?stp=dst-jpg_e15&efg=eyJ2ZW5jb2RlX3RhZyI6ImltYWdlX3VybGdlbi43MjB4MTI4MC5zZHIuZjI5MzUwIn0&_nc_ht=instagram.fgrq1-2.fna.fbcdn.net&_nc_cat=104&_nc_ohc=ketwfBv3Q_oQ7kNvgFV9iD0&edm=AEhyXUkBAAAA&ccb=7-5&ig_cache_key=MzQwOTkwNzM2Njc0MzI1MzU0MQ%3D%3D.2-ccb7-5&oh=00_AYAHJ3A2o36cycQqUX4yl7lTc1LOYTUPvpH_BFMYgmIjqA&oe=66AFD5F9&_nc_sid=8f1549	https://scontent.cdninstagram.com/o1/v/t16/f2/m69/An_-SuclYLCuFMrRXk2o6QnzJH-wX9zF_Z5SG028e9U6dKppuN8F0RLH2N1YMDBNVggGCnNe3_7kOGayY15HzAE.mp4?efg=eyJ2ZW5jb2RlX3RhZyI6Inhwdl9wcm9ncmVzc2l2ZS5JTlNUQUdSQU0uQ0xJUFMuQzMuMTA4MC5kYXNoX2Jhc2VsaW5lXzEwODBwX3YxIn0&_nc_ht=scontent.cdninstagram.com&_nc_cat=103&strext=1&vs=6fa083f6804bae5a&_nc_vs=HBksFQIYOnBhc3N0aHJvdWdoX2V2ZXJzdG9yZS9HR1BtUGdlb1NoWmF1cmtEQU9reG9La194ZTBYYnBSMUFBQUYVAALIAQAVAhg6cGFzc3Rocm91Z2hfZXZlcnN0b3JlL0dNdDU0QnJuVjI3c1R5UUJBRV9rSXNKVTZRTldicV9FQUFBRhUCAsgBACgAGAAbAogHdXNlX29pbAExEnByb2dyZXNzaXZlX3JlY2lwZQExFQAAJsLZ94fOgcMLFQIoAkMzLBdAVGIcrAgxJxgWZGFzaF9iYXNlbGluZV8xMDgwcF92MREAdf4HAA%3D%3D&ccb=9-4&oh=00_AYDIIEMFK7F10P_m_g12uM-ZgO-jCk1Lz-s7GFG-8P1gVw&oe=66ABDED2&_nc_sid=1d576d	ruggablepartner,ruggablexgoop	3	2854	1				1720712810	450386861_1447242549319324_2831994596473830801_n.jpg	Ruggable	@ruggable	Washable rug	Home decor	
C82JIMgJ5OL	https://www.instagram.com/naraaziza/	C82JIMgJ5OL	C82JIMgJ5OL	I like playing dress up, who else? __ @revolve	naraaziza	nara	https://instagram.fgrq1-1.fna.fbcdn.net/v/t51.2885-19/394482066_690020596202150_346389312048911124_n.jpg?stp=dst-jpg_s150x150&_nc_ht=instagram.fgrq1-1.fna.fbcdn.net&_nc_cat=1&_nc_ohc=7cC87J5tMgMQ7kNvgF4GoX1&gid=01fd7b78850b4cd18a22536a9e33075c&edm=AFg4Q8wBAAAA&ccb=7-5&oh=00_AYCuHMkc1a7qygciG5VfmpVaFRuq89douJfdaFQcFI-jJQ&oe=66AFD339&_nc_sid=0b30b7	2024-06-30 18:07:52	photo	https://www.instagram.com/p/C82JIMgJ5OL	https://instagram.fgrq1-1.fna.fbcdn.net/v/t51.29350-15/449479237_2752294825078275_6893121236093369780_n.jpg?stp=dst-jpg_e35&efg=eyJ2ZW5jb2RlX3RhZyI6ImltYWdlX3VybGdlbi4xNDQweDE4MDAuc2RyLmYyOTM1MCJ9&_nc_ht=instagram.fgrq1-1.fna.fbcdn.net&_nc_cat=103&_nc_ohc=5T3wX61X97wQ7kNvgFDn5Fk&edm=AFg4Q8wBAAAA&ccb=7-5&ig_cache_key=MzQwMTk0NjcxNDEyMzc2ODcxNQ%3D%3D.2-ccb7-5&oh=00_AYDjTjO0va4J4ns0KcBsHZQQvWt4Ayrqe24WZ6cDIG_8sw&oe=66AFCEE7&_nc_sid=0b30b7	https://instagram.fgrq1-1.fna.fbcdn.net/v/t51.29350-15/449479237_2752294825078275_6893121236093369780_n.jpg?stp=dst-jpg_e35&efg=eyJ2ZW5jb2RlX3RhZyI6ImltYWdlX3VybGdlbi4xNDQweDE4MDAuc2RyLmYyOTM1MCJ9&_nc_ht=instagram.fgrq1-1.fna.fbcdn.net&_nc_cat=103&_nc_ohc=5T3wX61X97wQ7kNvgFDn5Fk&edm=AFg4Q8wBAAAA&ccb=7-5&ig_cache_key=MzQwMTk0NjcxNDEyMzc2ODcxNQ%3D%3D.2-ccb7-5&oh=00_AYDjTjO0va4J4ns0KcBsHZQQvWt4Ayrqe24WZ6cDIG_8sw&oe=66AFCEE7&_nc_sid=0b30b7		3	807	1				1719763672	449479237_2752294825078275_6893121236093369780_n.jpg	REVOLVE	@revolve	Clothing	Clothing	
C71zGCFu6s2	https://www.instagram.com/naraaziza/	C71zGCFu6s2	C71zGCFu6s2	AD #laneige_partner I have been absolutely loving the new limited-edition @laneige_us Watermelon Pop Lip Sleeping Mask __ Launching 6/11 at Sephora	naraaziza	nara	https://instagram.fgrq1-1.fna.fbcdn.net/v/t51.2885-19/394482066_690020596202150_346389312048911124_n.jpg?stp=dst-jpg_s150x150&_nc_ht=instagram.fgrq1-1.fna.fbcdn.net&_nc_cat=1&_nc_ohc=7cC87J5tMgMQ7kNvgF4GoX1&gid=01fd7b78850b4cd18a22536a9e33075c&edm=AFg4Q8wBAAAA&ccb=7-5&oh=00_AYCuHMkc1a7qygciG5VfmpVaFRuq89douJfdaFQcFI-jJQ&oe=66AFD339&_nc_sid=0b30b7	2024-06-05 18:42:52	video	https://www.instagram.com/p/C71zGCFu6s2	https://instagram.fgrq1-1.fna.fbcdn.net/v/t51.29350-15/447781137_1871017273415748_4550737937572592824_n.jpg?stp=dst-jpg_e15&efg=eyJ2ZW5jb2RlX3RhZyI6ImltYWdlX3VybGdlbi4xMDgweDE5MjAuc2RyLmYyOTM1MCJ9&_nc_ht=instagram.fgrq1-1.fna.fbcdn.net&_nc_cat=100&_nc_ohc=4wR7AImwwHIQ7kNvgEpDK--&edm=AFg4Q8wBAAAA&ccb=7-5&ig_cache_key=MzM4MzgzNTQwOTk3MTM5MTI4Ng%3D%3D.2-ccb7-5&oh=00_AYC5drrVrbmzybLzbGX9WW5A1HsIMYo2s02hzYJ_yLo5kw&oe=66AFEB87&_nc_sid=0b30b7	https://scontent.cdninstagram.com/o1/v/t16/f2/m69/An_MJLGT9AXXbqIxfU_HJv6JCwF-urwZ19kcBkDiN5GKxuMl5wObXEsmPDmvzcqS_DBn4iCidaJudAK-mzo-5WKv.mp4?efg=eyJ2ZW5jb2RlX3RhZyI6Inhwdl9wcm9ncmVzc2l2ZS5JTlNUQUdSQU0uQ0xJUFMuQzMuMTA4MC5kYXNoX2Jhc2VsaW5lXzEwODBwX3YxIn0&_nc_ht=scontent.cdninstagram.com&_nc_cat=103&strext=1&vs=3c741d054cc0fcf&_nc_vs=HBksFQIYOnBhc3N0aHJvdWdoX2V2ZXJzdG9yZS9HQ2sySEJPTEpHeW5EWWNCQUhUTlJHLVZjbTlhYnBSMUFBQUYVAALIAQAVAhg6cGFzc3Rocm91Z2hfZXZlcnN0b3JlL0dFZ25yUnBFZF9xVHJwTUJBTEEzTTd3Y0ZzTkticV9FQUFBRhUCAsgBACgAGAAbAogHdXNlX29pbAExEnByb2dyZXNzaXZlX3JlY2lwZQExFQAAJuTykvX%2B85AEFQIoAkMzLBdATuIMSbpeNRgWZGFzaF9iYXNlbGluZV8xMDgwcF92MREAdf4HAA%3D%3D&ccb=9-4&oh=00_AYAKwBkJQq-7KJls9BWuME5smQMXy5b42l-qg9U4B9hfVw&oe=66ABF46F&_nc_sid=1d576d	laneige	3	2130	1				1717605772	447781137_1871017273415748_4550737937572592824_n.jpg	LANEIGE	@laneige_us	Lip balm	Cosmetics	
C7mQr7cO0Tr	https://www.instagram.com/naraaziza/	C7mQr7cO0Tr	C7mQr7cO0Tr	sweet or savory? I have a real sweet tooth lately! @chanelofficial	naraaziza	nara	https://instagram.fgrq1-1.fna.fbcdn.net/v/t51.2885-19/394482066_690020596202150_346389312048911124_n.jpg?stp=dst-jpg_s150x150&_nc_ht=instagram.fgrq1-1.fna.fbcdn.net&_nc_cat=1&_nc_ohc=7cC87J5tMgMQ7kNvgF4GoX1&gid=01fd7b78850b4cd18a22536a9e33075c&edm=AFg4Q8wBAAAA&ccb=7-5&oh=00_AYCuHMkc1a7qygciG5VfmpVaFRuq89douJfdaFQcFI-jJQ&oe=66AFD339&_nc_sid=0b30b7	2024-05-30 17:35:57	video	https://www.instagram.com/p/C7mQr7cO0Tr	https://instagram.fgrq1-1.fna.fbcdn.net/v/t51.29350-15/446944170_958028679390479_6456672225725888415_n.jpg?stp=dst-jpg_e15&efg=eyJ2ZW5jb2RlX3RhZyI6ImltYWdlX3VybGdlbi4xNzQweDMwODguc2RyLmYyOTM1MCJ9&_nc_ht=instagram.fgrq1-1.fna.fbcdn.net&_nc_cat=111&_nc_ohc=jcpw6visVYcQ7kNvgFMTlIo&gid=01fd7b78850b4cd18a22536a9e33075c&edm=AFg4Q8wBAAAA&ccb=7-5&ig_cache_key=MzM3OTQ2MTk1Nzg5NDIyNzE3OQ%3D%3D.2-ccb7-5&oh=00_AYDDilAKaIol2lnBEkDlIBwyi3oHh4I-LTtSDa23XI9iNw&oe=66AFCB05&_nc_sid=0b30b7	https://scontent.cdninstagram.com/o1/v/t16/f2/m69/An8xql7ua4hlZsnt2lT8kowlEy8o0uOr8EUVB_OB8_fUWSnkUo9LacLpfItvg_g8Y8aKun3sLFh-RlZKFMlVE0-B.mp4?efg=eyJ2ZW5jb2RlX3RhZyI6Inhwdl9wcm9ncmVzc2l2ZS5JTlNUQUdSQU0uQ0xJUFMuQzMuMTA4MC5kYXNoX2Jhc2VsaW5lXzEwODBwX3YxIn0&_nc_ht=scontent.cdninstagram.com&_nc_cat=110&strext=1&vs=40f93a5e5a5ed134&_nc_vs=HBksFQIYOnBhc3N0aHJvdWdoX2V2ZXJzdG9yZS9HR1k3NlJNaS1KUzdVa2NCQUlhamdDQjk0QU5sYnBSMUFBQUYVAALIAQAVAhg6cGFzc3Rocm91Z2hfZXZlcnN0b3JlL0dBTkluaHBqVkRlS20ya0dBUE0wNE1uRDRYcE9icV9FQUFBRhUCAsgBACgAGAAbAogHdXNlX29pbAExEnByb2dyZXNzaXZlX3JlY2lwZQExFQAAJpit3a7lnJoEFQIoAkMzLBdAUhMzMzMzMxgWZGFzaF9iYXNlbGluZV8xMDgwcF92MREAdf4HAA%3D%3D&ccb=9-4&oh=00_AYD2S3GTvGzFLuqoDxcGLHA2nfq1krUrl1wHr_F3kX4R5Q&oe=66AC003D&_nc_sid=1d576d		3	2921	1				1717083357	446944170_958028679390479_6456672225725888415_n.jpg	CHANEL	@chanelofficial	Luxury clothing and accessories	Clothing, Accessories	
C69GrMIOwjw	https://www.instagram.com/naraaziza/	C69GrMIOwjw	C69GrMIOwjw	@coterie new swimsuit here for when the days start getting warmer__ ad	naraaziza	nara	https://instagram.fgrq1-1.fna.fbcdn.net/v/t51.2885-19/394482066_690020596202150_346389312048911124_n.jpg?stp=dst-jpg_s150x150&_nc_ht=instagram.fgrq1-1.fna.fbcdn.net&_nc_cat=1&_nc_ohc=7cC87J5tMgMQ7kNvgF4GoX1&gid=ee014f12ae6c4a68966c2f27fb67ca16&edm=AFg4Q8wBAAAA&ccb=7-5&oh=00_AYB8s3Ymf5RzqsYGeTgF6-EPiL0rTHryaMNNRqHLV_arfg&oe=66AFD339&_nc_sid=0b30b7	2024-05-14 18:01:02	video	https://www.instagram.com/p/C69GrMIOwjw	https://instagram.fgrq1-1.fna.fbcdn.net/v/t51.29350-15/442489679_1820961061758216_2712224614175158716_n.jpg?stp=dst-jpg_e15&efg=eyJ2ZW5jb2RlX3RhZyI6ImltYWdlX3VybGdlbi43MjB4MTI4MC5zZHIuZjI5MzUwIn0&_nc_ht=instagram.fgrq1-1.fna.fbcdn.net&_nc_cat=100&_nc_ohc=jlxHM_JF4BgQ7kNvgG6bVd5&gid=ee014f12ae6c4a68966c2f27fb67ca16&edm=AFg4Q8wBAAAA&ccb=7-5&ig_cache_key=MzM2Nzg3NzQ1MjU4MjU1Mzg0MA%3D%3D.2-ccb7-5&oh=00_AYBG57LynjMhwWgxx73kSLfsgyOTWGQbN2kVc0M8Yn4daQ&oe=66AFF8A1&_nc_sid=0b30b7	https://scontent.cdninstagram.com/o1/v/t16/f2/m69/An-acEi5-FDbhghkywIaihFYTFfTwHB6vCdFOkavp7YG-h4FDofQkJOOTdyBAwTZXV4_YeF7ALZU02uQRVOIo_Jt.mp4?efg=eyJ2ZW5jb2RlX3RhZyI6Inhwdl9wcm9ncmVzc2l2ZS5JTlNUQUdSQU0uQ0xJUFMuQzMuMTA4MC5kYXNoX2Jhc2VsaW5lXzEwODBwX3YxIn0&_nc_ht=scontent.cdninstagram.com&_nc_cat=100&strext=1&vs=f5fd186b8879c6e6&_nc_vs=HBksFQIYOnBhc3N0aHJvdWdoX2V2ZXJzdG9yZS9HS2JrUHhPbDUxdTZJUDhaQUNvMWkzSGd2VDRzYnBSMUFBQUYVAALIAQAVAhg6cGFzc3Rocm91Z2hfZXZlcnN0b3JlL0dKMjVaQUxQNXdJT2lRb0ZBRnpadGNibFUtaENicFIxQUFBRhUCAsgBACgAGAAbAogHdXNlX29pbAExEnByb2dyZXNzaXZlX3JlY2lwZQExFQAAJsT574yF1psDFQIoAkMzLBdANrMzMzMzMxgWZGFzaF9iYXNlbGluZV8xMDgwcF92MREAdf4HAA%3D%3D&ccb=9-4&oh=00_AYC0HECd6bTMuoxWEWeYOdfcSQHQtnAY4rcJ-vHBPEDizQ&oe=66ABDB47&_nc_sid=1d576d		3	1111	1				1715702462	442489679_1820961061758216_2712224614175158716_n.jpg	Coterie	@coterie	Swimpsuit diaper	Baby items	
C6MTVoeLREF	https://www.instagram.com/naraaziza/	C6MTVoeLREF	C6MTVoeLREF	"what�s something you need in your bag at all times? __@dorotheeschumacher 
 

 #thedorotheebag #dorotheeschumacher #friendsofdorothee #ad"	naraaziza	nara	https://instagram.fgrq1-1.fna.fbcdn.net/v/t51.2885-19/394482066_690020596202150_346389312048911124_n.jpg?stp=dst-jpg_s150x150&_nc_ht=instagram.fgrq1-1.fna.fbcdn.net&_nc_cat=1&_nc_ohc=7cC87J5tMgMQ7kNvgF4GoX1&gid=8d75b15fd601468395450b2301f0f30b&edm=AFg4Q8wBAAAA&ccb=7-5&oh=00_AYDToaV6lbHlAd0UUIOLfAOMHmDfS619LkdDermsbXWnZg&oe=66AFD339&_nc_sid=0b30b7	2024-04-25 19:06:12	photo	https://www.instagram.com/p/C6MTVoeLREF	https://instagram.fgrq1-1.fna.fbcdn.net/v/t51.29350-15/439942576_1636292990471235_3061239728365234074_n.jpg?stp=dst-jpg_e35&efg=eyJ2ZW5jb2RlX3RhZyI6ImltYWdlX3VybGdlbi4xNDQweDE4MDAuc2RyLmYyOTM1MCJ9&_nc_ht=instagram.fgrq1-1.fna.fbcdn.net&_nc_cat=103&_nc_ohc=adkH9kqeGm0Q7kNvgHQMwad&gid=8d75b15fd601468395450b2301f0f30b&edm=AFg4Q8wBAAAA&ccb=7-5&ig_cache_key=MzM1NDE0MDg3MTkzMjg0MjI0NQ%3D%3D.2-ccb7-5&oh=00_AYDyIU_Dt7ZvtSX_KGO9lVYzowdgG63BnqGnd6ReTA1vTg&oe=66AFCA54&_nc_sid=0b30b7	https://instagram.fgrq1-1.fna.fbcdn.net/v/t51.29350-15/439942576_1636292990471235_3061239728365234074_n.jpg?stp=dst-jpg_e35&efg=eyJ2ZW5jb2RlX3RhZyI6ImltYWdlX3VybGdlbi4xNDQweDE4MDAuc2RyLmYyOTM1MCJ9&_nc_ht=instagram.fgrq1-1.fna.fbcdn.net&_nc_cat=103&_nc_ohc=adkH9kqeGm0Q7kNvgHQMwad&gid=8d75b15fd601468395450b2301f0f30b&edm=AFg4Q8wBAAAA&ccb=7-5&ig_cache_key=MzM1NDE0MDg3MTkzMjg0MjI0NQ%3D%3D.2-ccb7-5&oh=00_AYDyIU_Dt7ZvtSX_KGO9lVYzowdgG63BnqGnd6ReTA1vTg&oe=66AFCA54&_nc_sid=0b30b7	thedorotheebag,dorotheeschumacher,friendsofdorothee,ad	3	710	1				1714064772	439942576_1636292990471235_3061239728365234074_n.jpg	Dorothee Schumacher	@dorotheeschumacher	Luxury bag	Accessories	
C4vZDh_rJf4	https://www.instagram.com/naraaziza/	C4vZDh_rJf4	C4vZDh_rJf4	what�s in your bag? @fwrd	naraaziza	nara	https://instagram.fgrq1-1.fna.fbcdn.net/v/t51.2885-19/394482066_690020596202150_346389312048911124_n.jpg?stp=dst-jpg_s150x150&_nc_ht=instagram.fgrq1-1.fna.fbcdn.net&_nc_cat=1&_nc_ohc=7cC87J5tMgMQ7kNvgF4GoX1&edm=AFg4Q8wBAAAA&ccb=7-5&oh=00_AYCfIKTW57KEEf4oKqL6nuCCzEFIP4phjtYOdGqOKr4QqA&oe=66AFD339&_nc_sid=0b30b7	2024-03-20 16:06:47	photo	https://www.instagram.com/p/C4vZDh_rJf4	https://instagram.fgrq1-2.fna.fbcdn.net/v/t51.29350-15/434109008_1330388024311962_7594607941321566939_n.jpg?stp=dst-jpg_e35&efg=eyJ2ZW5jb2RlX3RhZyI6ImltYWdlX3VybGdlbi4xNDQweDE4MDAuc2RyLmYyOTM1MCJ9&_nc_ht=instagram.fgrq1-2.fna.fbcdn.net&_nc_cat=106&_nc_ohc=d3sJuzIt3A0Q7kNvgGYc8q1&gid=491cf19a9a224f4a995c305723e51c40&edm=AFg4Q8wBAAAA&ccb=7-5&ig_cache_key=MzMyNzk4ODg0MzQ3MzA0OTU5Mg%3D%3D.2-ccb7-5&oh=00_AYBaCyRZ0ZpnJz-kYcbljjJLZd-YrqfdeAoyAc5xAOGQ0Q&oe=66AFF15B&_nc_sid=0b30b7	https://instagram.fgrq1-2.fna.fbcdn.net/v/t51.29350-15/434109008_1330388024311962_7594607941321566939_n.jpg?stp=dst-jpg_e35&efg=eyJ2ZW5jb2RlX3RhZyI6ImltYWdlX3VybGdlbi4xNDQweDE4MDAuc2RyLmYyOTM1MCJ9&_nc_ht=instagram.fgrq1-2.fna.fbcdn.net&_nc_cat=106&_nc_ohc=d3sJuzIt3A0Q7kNvgGYc8q1&gid=491cf19a9a224f4a995c305723e51c40&edm=AFg4Q8wBAAAA&ccb=7-5&ig_cache_key=MzMyNzk4ODg0MzQ3MzA0OTU5Mg%3D%3D.2-ccb7-5&oh=00_AYBaCyRZ0ZpnJz-kYcbljjJLZd-YrqfdeAoyAc5xAOGQ0Q&oe=66AFF15B&_nc_sid=0b30b7		3	307	1				1710947207	434109008_1330388024311962_7594607941321566939_n.jpg	FWRD	@fwrd	Luxury bag	Accessories	
C4dcBqZLPL2	https://www.instagram.com/naraaziza/	C4dcBqZLPL2	C4dcBqZLPL2	Mom life made easy with The Pant @coterie __ what�re your mom essentials?	naraaziza	nara	https://instagram.fgrq1-1.fna.fbcdn.net/v/t51.2885-19/394482066_690020596202150_346389312048911124_n.jpg?stp=dst-jpg_s150x150&_nc_ht=instagram.fgrq1-1.fna.fbcdn.net&_nc_cat=1&_nc_ohc=7cC87J5tMgMQ7kNvgF4GoX1&edm=AFg4Q8wBAAAA&ccb=7-5&oh=00_AYCfIKTW57KEEf4oKqL6nuCCzEFIP4phjtYOdGqOKr4QqA&oe=66AFD339&_nc_sid=0b30b7	2024-03-13 16:48:30	video	https://www.instagram.com/p/C4dcBqZLPL2	https://instagram.fgrq1-2.fna.fbcdn.net/v/t51.29350-15/432804592_1084426179277724_3989570718040180459_n.jpg?stp=dst-jpg_e15&efg=eyJ2ZW5jb2RlX3RhZyI6ImltYWdlX3VybGdlbi43MjB4MTI4MC5zZHIuZjI5MzUwIn0&_nc_ht=instagram.fgrq1-2.fna.fbcdn.net&_nc_cat=108&_nc_ohc=j7sL1VuTFl0Q7kNvgEXmqja&gid=491cf19a9a224f4a995c305723e51c40&edm=AFg4Q8wBAAAA&ccb=7-5&ig_cache_key=MzMyMjkzNTM1OTYxMDYxNDUxOA%3D%3D.2-ccb7-5&oh=00_AYDtAN96O5jRcePlFWfxRxSTJTZMnX5jLZr_zTqeI7O2tw&oe=66AFF6B9&_nc_sid=0b30b7	https://scontent.cdninstagram.com/o1/v/t16/f1/m82/1C4A0FECBA7962365EF0C149880FBCA8_video_dashinit.mp4?efg=eyJ2ZW5jb2RlX3RhZyI6Inhwdl9wcm9ncmVzc2l2ZS5JTlNUQUdSQU0uQ0xJUFMuQzMuNzIwLmRhc2hfYmFzZWxpbmVfMV92MSJ9&_nc_ht=scontent.cdninstagram.com&_nc_cat=102&vs=32e14bf37bfe5ad0&_nc_vs=HBksFQIYT2lnX3hwdl9yZWVsc19wZXJtYW5lbnRfcHJvZC8xQzRBMEZFQ0JBNzk2MjM2NUVGMEMxNDk4ODBGQkNBOF92aWRlb19kYXNoaW5pdC5tcDQVAALIAQAVAhg6cGFzc3Rocm91Z2hfZXZlcnN0b3JlL0dKUGV5aG4tLWxaQV9MMERBS0lwT2lmS0pwUkFicV9FQUFBRhUCAsgBACgAGAAbAogHdXNlX29pbAExEnByb2dyZXNzaXZlX3JlY2lwZQExFQAAJva1mM20%2BY4FFQIoAkMzLBdAPJmZmZmZmhgSZGFzaF9iYXNlbGluZV8xX3YxEQB1%2FgcA&ccb=9-4&oh=00_AYC8h1cmHp6ybRDjvQTW0lCSFbUCiCGaC0NceVk41oiP9Q&oe=66ABE417&_nc_sid=1d576d		3	372	1				1710344910	432804592_1084426179277724_3989570718040180459_n.jpg	Coterie	@coterie	Pant diaper	Baby items	
C35YP4rrEUv	https://www.instagram.com/naraaziza/	C35YP4rrEUv	C35YP4rrEUv	34 weeks! are we thinking girl or boy?__ @fwrd	naraaziza	nara	https://instagram.fgrq1-1.fna.fbcdn.net/v/t51.2885-19/394482066_690020596202150_346389312048911124_n.jpg?stp=dst-jpg_s150x150&_nc_ht=instagram.fgrq1-1.fna.fbcdn.net&_nc_cat=1&_nc_ohc=7cC87J5tMgMQ7kNvgF4GoX1&edm=AFg4Q8wBAAAA&ccb=7-5&oh=00_AYCfIKTW57KEEf4oKqL6nuCCzEFIP4phjtYOdGqOKr4QqA&oe=66AFD339&_nc_sid=0b30b7	2024-02-28 16:43:18	video	https://www.instagram.com/p/C35YP4rrEUv	https://instagram.fgrq1-2.fna.fbcdn.net/v/t51.29350-15/429579574_952406903173878_9109251549825224882_n.jpg?stp=dst-jpg_e15&efg=eyJ2ZW5jb2RlX3RhZyI6ImltYWdlX3VybGdlbi4yMjY4eDQwMzIuc2RyLmYyOTM1MCJ9&_nc_ht=instagram.fgrq1-2.fna.fbcdn.net&_nc_cat=106&_nc_ohc=XUGx1YZuNpQQ7kNvgHq9fPo&edm=AFg4Q8wBAAAA&ccb=7-5&ig_cache_key=MzMxMjc4NTY0NTY3ODM4MDMzNQ%3D%3D.2-ccb7-5&oh=00_AYBixis75ZqUIvibz0JlIZuWnWQuFr5EfOh-JwlVMFP5Gg&oe=66AFD612&_nc_sid=0b30b7	https://instagram.fgrq1-2.fna.fbcdn.net/o1/v/t16/f1/m82/8046CCA67C8991855F47E9F0170F7681_video_dashinit.mp4?efg=eyJxZV9ncm91cHMiOiJbXCJpZ193ZWJfZGVsaXZlcnlfdnRzX290ZlwiXSIsInZlbmNvZGVfdGFnIjoidnRzX3ZvZF91cmxnZW4uY2xpcHMuYzIuNzIwLmJhc2VsaW5lIn0&_nc_ht=instagram.fgrq1-2.fna.fbcdn.net&_nc_cat=102&vs=776377747227416_3094948207&_nc_vs=HBksFQIYT2lnX3hwdl9yZWVsc19wZXJtYW5lbnRfcHJvZC84MDQ2Q0NBNjdDODk5MTg1NUY0N0U5RjAxNzBGNzY4MV92aWRlb19kYXNoaW5pdC5tcDQVAALIAQAVAhg6cGFzc3Rocm91Z2hfZXZlcnN0b3JlL0dBYWFweGx4akFSOGZyOENBQndUanlQMGZ3cERicV9FQUFBRhUCAsgBACgAGAAbABUAACbQsp31ooqQQBUCKAJDMywXQBQhysCDEm8YEmRhc2hfYmFzZWxpbmVfMV92MREAdf4HAA%3D%3D&ccb=9-4&oh=00_AYCQ-sUlKXWWR23oJPSSUubGGnzZ34gXtxsN75EkeCDHTA&oe=66ABE484&_nc_sid=0b30b7		3	1336	1				1709134998	429579574_952406903173878_9109251549825224882_n.jpg	FWRD	@fwrd	Luxury bag	Accessories	
C3vFrM8rxri	https://www.instagram.com/naraaziza/	C3vFrM8rxri	C3vFrM8rxri	weekend plans?__ @alo	naraaziza	nara	https://instagram.fgrq1-1.fna.fbcdn.net/v/t51.2885-19/394482066_690020596202150_346389312048911124_n.jpg?stp=dst-jpg_s150x150&_nc_ht=instagram.fgrq1-1.fna.fbcdn.net&_nc_cat=1&_nc_ohc=7cC87J5tMgMQ7kNvgF4GoX1&gid=e783bd085c4e449f8c9149ac893f2b73&edm=AFg4Q8wBAAAA&ccb=7-5&oh=00_AYDsZN6qGv78TRfBaV66FffnEwJjw8aCXQQmJLSalpLyHw&oe=66AFD339&_nc_sid=0b30b7	2024-02-24 16:46:02	mixed	https://www.instagram.com/p/C3vFrM8rxri	https://instagram.fgrq1-1.fna.fbcdn.net/v/t51.29350-15/429380350_2310635172475505_8442995733019833855_n.jpg?stp=dst-jpg_e35&efg=eyJ2ZW5jb2RlX3RhZyI6ImltYWdlX3VybGdlbi4xNDQweDE4MDAuc2RyLmYyOTM1MCJ9&_nc_ht=instagram.fgrq1-1.fna.fbcdn.net&_nc_cat=105&_nc_ohc=FdK2Bi28cQAQ7kNvgFu43SI&gid=e783bd085c4e449f8c9149ac893f2b73&edm=AFg4Q8wBAAAA&ccb=7-5&ig_cache_key=MzMwOTg4OTIwNDM4MzQxODY5Mg%3D%3D.2-ccb7-5&oh=00_AYC5hJ4_lmrv1nr-jp_AOUPB_IbbJoS72w-yG9xeST0dHw&oe=66AFE265&_nc_sid=0b30b7	https://instagram.fgrq1-1.fna.fbcdn.net/v/t51.29350-15/429380350_2310635172475505_8442995733019833855_n.jpg?stp=dst-jpg_e35&efg=eyJ2ZW5jb2RlX3RhZyI6ImltYWdlX3VybGdlbi4xNDQweDE4MDAuc2RyLmYyOTM1MCJ9&_nc_ht=instagram.fgrq1-1.fna.fbcdn.net&_nc_cat=105&_nc_ohc=FdK2Bi28cQAQ7kNvgFu43SI&gid=e783bd085c4e449f8c9149ac893f2b73&edm=AFg4Q8wBAAAA&ccb=7-5&ig_cache_key=MzMwOTg4OTIwNDM4MzQxODY5Mg%3D%3D.2-ccb7-5&oh=00_AYC5hJ4_lmrv1nr-jp_AOUPB_IbbJoS72w-yG9xeST0dHw&oe=66AFE265&_nc_sid=0b30b7		3	230	5				1708789562	429380350_2310635172475505_8442995733019833855_n.jpg	Alo	@alo	Workout clothing	Clothing	
C3sjMLNLKET	https://www.instagram.com/naraaziza/	C3sjMLNLKET	C3sjMLNLKET	it�s all about balance� who�s ready for the weekend? @alo	naraaziza	nara	https://instagram.fgrq1-1.fna.fbcdn.net/v/t51.2885-19/394482066_690020596202150_346389312048911124_n.jpg?stp=dst-jpg_s150x150&_nc_ht=instagram.fgrq1-1.fna.fbcdn.net&_nc_cat=1&_nc_ohc=7cC87J5tMgMQ7kNvgF4GoX1&gid=e783bd085c4e449f8c9149ac893f2b73&edm=AFg4Q8wBAAAA&ccb=7-5&oh=00_AYDsZN6qGv78TRfBaV66FffnEwJjw8aCXQQmJLSalpLyHw&oe=66AFD339&_nc_sid=0b30b7	2024-02-23 17:06:14	photo	https://www.instagram.com/p/C3sjMLNLKET	https://instagram.fgrq1-1.fna.fbcdn.net/v/t51.29350-15/429457955_414576494425355_5363031456175559056_n.jpg?stp=dst-jpg_e35&efg=eyJ2ZW5jb2RlX3RhZyI6ImltYWdlX3VybGdlbi4xNDQweDE4MDAuc2RyLmYyOTM1MCJ9&_nc_ht=instagram.fgrq1-1.fna.fbcdn.net&_nc_cat=111&_nc_ohc=Vlwgr5wJGDAQ7kNvgHOYbQW&gid=e783bd085c4e449f8c9149ac893f2b73&edm=AFg4Q8wBAAAA&ccb=7-5&ig_cache_key=MzMwOTE3NDU4OTc1NjUxOTY0NA%3D%3D.2-ccb7-5&oh=00_AYBTAHfvPie7Fa_ItSGUZKpMqHtGXdN21QAyZpW3F6RrAw&oe=66AFC721&_nc_sid=0b30b7	https://instagram.fgrq1-1.fna.fbcdn.net/v/t51.29350-15/429457955_414576494425355_5363031456175559056_n.jpg?stp=dst-jpg_e35&efg=eyJ2ZW5jb2RlX3RhZyI6ImltYWdlX3VybGdlbi4xNDQweDE4MDAuc2RyLmYyOTM1MCJ9&_nc_ht=instagram.fgrq1-1.fna.fbcdn.net&_nc_cat=111&_nc_ohc=Vlwgr5wJGDAQ7kNvgHOYbQW&gid=e783bd085c4e449f8c9149ac893f2b73&edm=AFg4Q8wBAAAA&ccb=7-5&ig_cache_key=MzMwOTE3NDU4OTc1NjUxOTY0NA%3D%3D.2-ccb7-5&oh=00_AYBTAHfvPie7Fa_ItSGUZKpMqHtGXdN21QAyZpW3F6RrAw&oe=66AFC721&_nc_sid=0b30b7		3	213	2				1708704374	429457955_414576494425355_5363031456175559056_n.jpg	Alo	@alo	Loungewear	Clothing	
C3aaDJuLXdh	https://www.instagram.com/naraaziza/	C3aaDJuLXdh	C3aaDJuLXdh	what does love mean to you? @calvinklein #ad #cketernity	naraaziza	nara	https://instagram.fgrq1-1.fna.fbcdn.net/v/t51.2885-19/394482066_690020596202150_346389312048911124_n.jpg?stp=dst-jpg_s150x150&_nc_ht=instagram.fgrq1-1.fna.fbcdn.net&_nc_cat=1&_nc_ohc=7cC87J5tMgMQ7kNvgF4GoX1&gid=e783bd085c4e449f8c9149ac893f2b73&edm=AFg4Q8wBAAAA&ccb=7-5&oh=00_AYDsZN6qGv78TRfBaV66FffnEwJjw8aCXQQmJLSalpLyHw&oe=66AFD339&_nc_sid=0b30b7	2024-02-16 16:03:51	video	https://www.instagram.com/p/C3aaDJuLXdh	https://instagram.fgrq1-2.fna.fbcdn.net/v/t51.29350-15/427761817_813420394133476_3339100530872759995_n.jpg?stp=dst-jpg_e15&efg=eyJ2ZW5jb2RlX3RhZyI6ImltYWdlX3VybGdlbi43MjB4MTI4MC5zZHIuZjI5MzUwIn0&_nc_ht=instagram.fgrq1-2.fna.fbcdn.net&_nc_cat=104&_nc_ohc=g4ylbWkVLG8Q7kNvgGjjuBX&gid=e783bd085c4e449f8c9149ac893f2b73&edm=AFg4Q8wBAAAA&ccb=7-5&ig_cache_key=MzMwNDA2Nzg0MjQzNTgwNzA3Mw%3D%3D.2-ccb7-5&oh=00_AYA3v9-RW7ydbUd3VZ_ynUPHW9Pbrcv6TBoa3sQUVz9dwA&oe=66AFF972&_nc_sid=0b30b7	https://scontent.cdninstagram.com/o1/v/t16/f1/m82/1E400FAEAE830863D64CFB8A64FADBAB_video_dashinit.mp4?efg=eyJ2ZW5jb2RlX3RhZyI6Inhwdl9wcm9ncmVzc2l2ZS5JTlNUQUdSQU0uQ0xJUFMuQzMuNzIwLmRhc2hfYmFzZWxpbmVfMV92MSJ9&_nc_ht=scontent.cdninstagram.com&_nc_cat=104&vs=bd1b33bdc065bfb4&_nc_vs=HBksFQIYT2lnX3hwdl9yZWVsc19wZXJtYW5lbnRfcHJvZC8xRTQwMEZBRUFFODMwODYzRDY0Q0ZCOEE2NEZBREJBQl92aWRlb19kYXNoaW5pdC5tcDQVAALIAQAVAhg6cGFzc3Rocm91Z2hfZXZlcnN0b3JlL0dGT3pneG1CdXZmTFJCWUdBTVZDQlJrZmpJY05icV9FQUFBRhUCAsgBACgAGAAbAogHdXNlX29pbAExEnByb2dyZXNzaXZlX3JlY2lwZQExFQAAJvbi3uH858AGFQIoAkMzLBdALczMzMzMzRgSZGFzaF9iYXNlbGluZV8xX3YxEQB1%2FgcA&ccb=9-4&oh=00_AYCzejrQC69LZJVA3VmR7iiNS9CKB57M_zwk0HJZ6eqCeA&oe=66ABE547&_nc_sid=1d576d	ad,cketernity	164126	873	1				1708095831	427761817_813420394133476_3339100530872759995_n.jpg	Calvin Klein	@calvinklein	Perfume	Cosmetics	
C3F32UsOhiN	https://www.instagram.com/naraaziza/	C3F32UsOhiN	C3F32UsOhiN	What is real love to you? ____ #brilliantearth @brilliantearth ad	naraaziza	nara	https://instagram.fgrq1-1.fna.fbcdn.net/v/t51.2885-19/394482066_690020596202150_346389312048911124_n.jpg?stp=dst-jpg_s150x150&_nc_ht=instagram.fgrq1-1.fna.fbcdn.net&_nc_cat=1&_nc_ohc=7cC87J5tMgMQ7kNvgF4GoX1&gid=e783bd085c4e449f8c9149ac893f2b73&edm=AFg4Q8wBAAAA&ccb=7-5&oh=00_AYDsZN6qGv78TRfBaV66FffnEwJjw8aCXQQmJLSalpLyHw&oe=66AFD339&_nc_sid=0b30b7	2024-02-08 16:36:22	photo	https://www.instagram.com/p/C3F32UsOhiN	https://instagram.fgrq1-1.fna.fbcdn.net/v/t51.29350-15/425774579_1495272294669552_4848221664930307117_n.jpg?stp=dst-jpg_e35&efg=eyJ2ZW5jb2RlX3RhZyI6ImltYWdlX3VybGdlbi4xNDQweDE4MDAuc2RyLmYyOTM1MCJ9&_nc_ht=instagram.fgrq1-1.fna.fbcdn.net&_nc_cat=100&_nc_ohc=55F54ebfEk0Q7kNvgHegmaQ&gid=e783bd085c4e449f8c9149ac893f2b73&edm=AFg4Q8wBAAAA&ccb=7-5&ig_cache_key=MzI5ODI4NzkyMTQxMjE1NzIxMQ%3D%3D.2-ccb7-5&oh=00_AYC_wUJ4mENwZGmf8dCue_A94Kz9P_lPXvc8q2TlHyfK-Q&oe=66AFC66C&_nc_sid=0b30b7	https://instagram.fgrq1-1.fna.fbcdn.net/v/t51.29350-15/425774579_1495272294669552_4848221664930307117_n.jpg?stp=dst-jpg_e35&efg=eyJ2ZW5jb2RlX3RhZyI6ImltYWdlX3VybGdlbi4xNDQweDE4MDAuc2RyLmYyOTM1MCJ9&_nc_ht=instagram.fgrq1-1.fna.fbcdn.net&_nc_cat=100&_nc_ohc=55F54ebfEk0Q7kNvgHegmaQ&gid=e783bd085c4e449f8c9149ac893f2b73&edm=AFg4Q8wBAAAA&ccb=7-5&ig_cache_key=MzI5ODI4NzkyMTQxMjE1NzIxMQ%3D%3D.2-ccb7-5&oh=00_AYC_wUJ4mENwZGmf8dCue_A94Kz9P_lPXvc8q2TlHyfK-Q&oe=66AFC66C&_nc_sid=0b30b7	brilliantearth	3	219	2				1707406582	425774579_1495272294669552_4848221664930307117_n.jpg	Brilliant Earth	@brilliantearth	Engagement rings and luxury jewelery	Accessories	
C2umktKLLoj	https://www.instagram.com/naraaziza/	C2umktKLLoj	C2umktKLLoj	rate the start of your week from 1-5__ @alo	naraaziza	nara	https://instagram.fgrq1-1.fna.fbcdn.net/v/t51.2885-19/394482066_690020596202150_346389312048911124_n.jpg?stp=dst-jpg_s150x150&_nc_ht=instagram.fgrq1-1.fna.fbcdn.net&_nc_cat=1&_nc_ohc=7cC87J5tMgMQ7kNvgF4GoX1&edm=AFg4Q8wBAAAA&ccb=7-5&oh=00_AYCfIKTW57KEEf4oKqL6nuCCzEFIP4phjtYOdGqOKr4QqA&oe=66AFD339&_nc_sid=0b30b7	2024-01-30 15:42:53	photo	https://www.instagram.com/p/C2umktKLLoj	https://instagram.fgrq1-2.fna.fbcdn.net/v/t51.29350-15/423159630_1117064912829088_2521020848465838824_n.jpg?stp=dst-jpg_e35&efg=eyJ2ZW5jb2RlX3RhZyI6ImltYWdlX3VybGdlbi4xNDQweDE4MDAuc2RyLmYyOTM1MCJ9&_nc_ht=instagram.fgrq1-2.fna.fbcdn.net&_nc_cat=104&_nc_ohc=jUHL2fP8aKsQ7kNvgEtdH1J&edm=AFg4Q8wBAAAA&ccb=7-5&ig_cache_key=MzI5MTczODAyMTE1NjUwNDQ3OA%3D%3D.2-ccb7-5&oh=00_AYCPkoArjm7DzAbGlbSRJBDOW1fJ4f-w7ZpeoXeAOfj3Dw&oe=66AFE365&_nc_sid=0b30b7	https://instagram.fgrq1-2.fna.fbcdn.net/v/t51.29350-15/423159630_1117064912829088_2521020848465838824_n.jpg?stp=dst-jpg_e35&efg=eyJ2ZW5jb2RlX3RhZyI6ImltYWdlX3VybGdlbi4xNDQweDE4MDAuc2RyLmYyOTM1MCJ9&_nc_ht=instagram.fgrq1-2.fna.fbcdn.net&_nc_cat=104&_nc_ohc=jUHL2fP8aKsQ7kNvgEtdH1J&edm=AFg4Q8wBAAAA&ccb=7-5&ig_cache_key=MzI5MTczODAyMTE1NjUwNDQ3OA%3D%3D.2-ccb7-5&oh=00_AYCPkoArjm7DzAbGlbSRJBDOW1fJ4f-w7ZpeoXeAOfj3Dw&oe=66AFE365&_nc_sid=0b30b7		3	190	2				1706625773	423159630_1117064912829088_2521020848465838824_n.jpg	Alo	@alo	Workout clothing	Clothing	
C2U2XHCr4WU	https://www.instagram.com/naraaziza/	C2U2XHCr4WU	C2U2XHCr4WU	New York for 72 hours __ food recommendations? @alo	naraaziza	nara	https://instagram.fgrq1-1.fna.fbcdn.net/v/t51.2885-19/394482066_690020596202150_346389312048911124_n.jpg?stp=dst-jpg_s150x150&_nc_ht=instagram.fgrq1-1.fna.fbcdn.net&_nc_cat=1&_nc_ohc=7cC87J5tMgMQ7kNvgF4GoX1&edm=AFg4Q8wBAAAA&ccb=7-5&oh=00_AYCfIKTW57KEEf4oKqL6nuCCzEFIP4phjtYOdGqOKr4QqA&oe=66AFD339&_nc_sid=0b30b7	2024-01-20 15:40:35	photo	https://www.instagram.com/p/C2U2XHCr4WU	https://instagram.fgrq1-1.fna.fbcdn.net/v/t51.29350-15/419975504_1092148008622671_4575149979004310789_n.jpg?stp=dst-jpg_e35&efg=eyJ2ZW5jb2RlX3RhZyI6ImltYWdlX3VybGdlbi4xNDQweDE4MDAuc2RyLmYyOTM1MCJ9&_nc_ht=instagram.fgrq1-1.fna.fbcdn.net&_nc_cat=103&_nc_ohc=LNERqHAEG9kQ7kNvgFG2JX3&edm=AFg4Q8wBAAAA&ccb=7-5&ig_cache_key=MzI4NDQ4OTExMDg4MDc0ODk0OA%3D%3D.2-ccb7-5&oh=00_AYBgPXY52s7NYMiFeFM5PUEVwoHHTusctzfQyD7hEqGxoA&oe=66AFD255&_nc_sid=0b30b7	https://instagram.fgrq1-1.fna.fbcdn.net/v/t51.29350-15/419975504_1092148008622671_4575149979004310789_n.jpg?stp=dst-jpg_e35&efg=eyJ2ZW5jb2RlX3RhZyI6ImltYWdlX3VybGdlbi4xNDQweDE4MDAuc2RyLmYyOTM1MCJ9&_nc_ht=instagram.fgrq1-1.fna.fbcdn.net&_nc_cat=103&_nc_ohc=LNERqHAEG9kQ7kNvgFG2JX3&edm=AFg4Q8wBAAAA&ccb=7-5&ig_cache_key=MzI4NDQ4OTExMDg4MDc0ODk0OA%3D%3D.2-ccb7-5&oh=00_AYBgPXY52s7NYMiFeFM5PUEVwoHHTusctzfQyD7hEqGxoA&oe=66AFD255&_nc_sid=0b30b7		3	306	1				1705761635	419975504_1092148008622671_4575149979004310789_n.jpg	Alo	@alo	Workout clothing	Clothing	
C2NKa78LloG	https://www.instagram.com/naraaziza/	C2NKa78LloG	C2NKa78LloG	spending a lot of time at home doing things I love __ where are you spending a lot of your time lately? @sixpennyhome	naraaziza	nara	https://instagram.fgrq1-1.fna.fbcdn.net/v/t51.2885-19/394482066_690020596202150_346389312048911124_n.jpg?stp=dst-jpg_s150x150&_nc_ht=instagram.fgrq1-1.fna.fbcdn.net&_nc_cat=1&_nc_ohc=7cC87J5tMgMQ7kNvgF4GoX1&edm=AFg4Q8wBAAAA&ccb=7-5&oh=00_AYCfIKTW57KEEf4oKqL6nuCCzEFIP4phjtYOdGqOKr4QqA&oe=66AFD339&_nc_sid=0b30b7	2024-01-17 16:01:56	photo	https://www.instagram.com/p/C2NKa78LloG	https://instagram.fgrq1-1.fna.fbcdn.net/v/t51.29350-15/419802880_692973882971549_2542563848197403250_n.jpg?stp=dst-jpg_e35&efg=eyJ2ZW5jb2RlX3RhZyI6ImltYWdlX3VybGdlbi4xNDQweDE4MDAuc2RyLmYyOTM1MCJ9&_nc_ht=instagram.fgrq1-1.fna.fbcdn.net&_nc_cat=105&_nc_ohc=eD-GdCIz7xoQ7kNvgEYDBcw&edm=AFg4Q8wBAAAA&ccb=7-5&ig_cache_key=MzI4MjMyNTUzMDY3NjU4NzM1NA%3D%3D.2-ccb7-5&oh=00_AYBpiOQpN0uBuZK4XOcGFrq3XKDpyzopd-q0rPhoyIxmlA&oe=66AFE043&_nc_sid=0b30b7	https://instagram.fgrq1-1.fna.fbcdn.net/v/t51.29350-15/419802880_692973882971549_2542563848197403250_n.jpg?stp=dst-jpg_e35&efg=eyJ2ZW5jb2RlX3RhZyI6ImltYWdlX3VybGdlbi4xNDQweDE4MDAuc2RyLmYyOTM1MCJ9&_nc_ht=instagram.fgrq1-1.fna.fbcdn.net&_nc_cat=105&_nc_ohc=eD-GdCIz7xoQ7kNvgEYDBcw&edm=AFg4Q8wBAAAA&ccb=7-5&ig_cache_key=MzI4MjMyNTUzMDY3NjU4NzM1NA%3D%3D.2-ccb7-5&oh=00_AYBpiOQpN0uBuZK4XOcGFrq3XKDpyzopd-q0rPhoyIxmlA&oe=66AFE043&_nc_sid=0b30b7		3	201	7				1705503716	419802880_692973882971549_2542563848197403250_n.jpg	Sixpenny	@sixpennyhome	Furniture	Home decor	
C12mvxguFP7	https://www.instagram.com/naraaziza/	C12mvxguFP7	C12mvxguFP7	AN ESSENTIAL! what�s your favorite drink right now? @drinkpoppi #sodasback #poppipartner	naraaziza	nara	https://instagram.fgrq1-1.fna.fbcdn.net/v/t51.2885-19/394482066_690020596202150_346389312048911124_n.jpg?stp=dst-jpg_s150x150&_nc_ht=instagram.fgrq1-1.fna.fbcdn.net&_nc_cat=1&_nc_ohc=7cC87J5tMgMQ7kNvgF4GoX1&gid=ff8ddd3000c64fd0b0fac4475e7b9e59&edm=AFg4Q8wBAAAA&ccb=7-5&oh=00_AYBAjyM138ePtqWNFj4QItCV8Z0nVW3xjDz6zdMfQxU6ag&oe=66AFD339&_nc_sid=0b30b7	2024-01-08 21:46:55	photo	https://www.instagram.com/p/C12mvxguFP7	https://instagram.fgrq1-1.fna.fbcdn.net/v/t51.29350-15/417728738_1103486624422140_1141759201506972883_n.jpg?stp=dst-jpg_e35&efg=eyJ2ZW5jb2RlX3RhZyI6ImltYWdlX3VybGdlbi4xNDQweDE4MDAuc2RyLmYyOTM1MCJ9&_nc_ht=instagram.fgrq1-1.fna.fbcdn.net&_nc_cat=100&_nc_ohc=iQRYE_PdccQQ7kNvgHSQdKS&gid=ff8ddd3000c64fd0b0fac4475e7b9e59&edm=AFg4Q8wBAAAA&ccb=7-5&ig_cache_key=MzI3NTk3NjE4NTMyMTU4NDU5MQ%3D%3D.2-ccb7-5&oh=00_AYA7_jPUW_QRjr4RDX9mo1LHQgG765LoLgo4rA6kgA5fBQ&oe=66AFE628&_nc_sid=0b30b7	https://instagram.fgrq1-1.fna.fbcdn.net/v/t51.29350-15/417728738_1103486624422140_1141759201506972883_n.jpg?stp=dst-jpg_e35&efg=eyJ2ZW5jb2RlX3RhZyI6ImltYWdlX3VybGdlbi4xNDQweDE4MDAuc2RyLmYyOTM1MCJ9&_nc_ht=instagram.fgrq1-1.fna.fbcdn.net&_nc_cat=100&_nc_ohc=iQRYE_PdccQQ7kNvgHSQdKS&gid=ff8ddd3000c64fd0b0fac4475e7b9e59&edm=AFg4Q8wBAAAA&ccb=7-5&ig_cache_key=MzI3NTk3NjE4NTMyMTU4NDU5MQ%3D%3D.2-ccb7-5&oh=00_AYA7_jPUW_QRjr4RDX9mo1LHQgG765LoLgo4rA6kgA5fBQ&oe=66AFE628&_nc_sid=0b30b7	sodasback,poppipartner	3	183	2				1704746815	417728738_1103486624422140_1141759201506972883_n.jpg	Poppi	@drinkpoppi	Probiotic soda	Beverage	
C1hcZ70L8G4	https://www.instagram.com/naraaziza/	C1hcZ70L8G4	C1hcZ70L8G4	what are your new years plans? @revolve	naraaziza	nara	https://instagram.fgrq1-1.fna.fbcdn.net/v/t51.2885-19/394482066_690020596202150_346389312048911124_n.jpg?stp=dst-jpg_s150x150&_nc_ht=instagram.fgrq1-1.fna.fbcdn.net&_nc_cat=1&_nc_ohc=7cC87J5tMgMQ7kNvgF4GoX1&gid=ff8ddd3000c64fd0b0fac4475e7b9e59&edm=AFg4Q8wBAAAA&ccb=7-5&oh=00_AYBAjyM138ePtqWNFj4QItCV8Z0nVW3xjDz6zdMfQxU6ag&oe=66AFD339&_nc_sid=0b30b7	2023-12-31 16:32:30	mixed	https://www.instagram.com/p/C1hcZ70L8G4	https://instagram.fgrq1-1.fna.fbcdn.net/v/t51.29350-15/414692147_345113728266203_1728409923545812785_n.jpg?stp=dst-jpg_e35&efg=eyJ2ZW5jb2RlX3RhZyI6ImltYWdlX3VybGdlbi4xNDQweDE3OTkuc2RyLmYyOTM1MCJ9&_nc_ht=instagram.fgrq1-1.fna.fbcdn.net&_nc_cat=111&_nc_ohc=D4W4JUCV7coQ7kNvgG9tfPg&gid=ff8ddd3000c64fd0b0fac4475e7b9e59&edm=AFg4Q8wBAAAA&ccb=7-5&ig_cache_key=MzI3MDAxOTcyOTI5NTY1NjgyNg%3D%3D.2-ccb7-5&oh=00_AYAYfUNgM_i7f2R2A1pcoHpbFJLWzK6749XOk1WlwCks6w&oe=66AFF41C&_nc_sid=0b30b7	https://instagram.fgrq1-1.fna.fbcdn.net/v/t51.29350-15/414692147_345113728266203_1728409923545812785_n.jpg?stp=dst-jpg_e35&efg=eyJ2ZW5jb2RlX3RhZyI6ImltYWdlX3VybGdlbi4xNDQweDE3OTkuc2RyLmYyOTM1MCJ9&_nc_ht=instagram.fgrq1-1.fna.fbcdn.net&_nc_cat=111&_nc_ohc=D4W4JUCV7coQ7kNvgG9tfPg&gid=ff8ddd3000c64fd0b0fac4475e7b9e59&edm=AFg4Q8wBAAAA&ccb=7-5&ig_cache_key=MzI3MDAxOTcyOTI5NTY1NjgyNg%3D%3D.2-ccb7-5&oh=00_AYAYfUNgM_i7f2R2A1pcoHpbFJLWzK6749XOk1WlwCks6w&oe=66AFF41C&_nc_sid=0b30b7		3	137	2				1704036750	414692147_345113728266203_1728409923545812785_n.jpg	REVOLVE	@revolve	Clothing	Clothing	
C1cZCucLno4	https://www.instagram.com/naraaziza/	C1cZCucLno4	C1cZCucLno4	"comment your most recent emojis! @alo 
 

 mine are __________"	naraaziza	nara	https://instagram.fgrq1-1.fna.fbcdn.net/v/t51.2885-19/394482066_690020596202150_346389312048911124_n.jpg?stp=dst-jpg_s150x150&_nc_ht=instagram.fgrq1-1.fna.fbcdn.net&_nc_cat=1&_nc_ohc=7cC87J5tMgMQ7kNvgF4GoX1&gid=ff8ddd3000c64fd0b0fac4475e7b9e59&edm=AFg4Q8wBAAAA&ccb=7-5&oh=00_AYBAjyM138ePtqWNFj4QItCV8Z0nVW3xjDz6zdMfQxU6ag&oe=66AFD339&_nc_sid=0b30b7	2023-12-29 17:26:55	photo	https://www.instagram.com/p/C1cZCucLno4	https://instagram.fgrq1-1.fna.fbcdn.net/v/t51.29350-15/414227934_713532187451532_4838433231018886603_n.jpg?stp=dst-jpg_e35&efg=eyJ2ZW5jb2RlX3RhZyI6ImltYWdlX3VybGdlbi4xNDQweDE4MDAuc2RyLmYyOTM1MCJ9&_nc_ht=instagram.fgrq1-1.fna.fbcdn.net&_nc_cat=100&_nc_ohc=OYmPqrFG3fMQ7kNvgFMdF5f&edm=AFg4Q8wBAAAA&ccb=7-5&ig_cache_key=MzI2ODU5NzU2NDcwMDYxNzg5OQ%3D%3D.2-ccb7-5&oh=00_AYBpzzX27W2jEuBag-g6VQ-0GRflKuAnqQO8MEauQ3McPw&oe=66AFDDCF&_nc_sid=0b30b7	https://instagram.fgrq1-1.fna.fbcdn.net/v/t51.29350-15/414227934_713532187451532_4838433231018886603_n.jpg?stp=dst-jpg_e35&efg=eyJ2ZW5jb2RlX3RhZyI6ImltYWdlX3VybGdlbi4xNDQweDE4MDAuc2RyLmYyOTM1MCJ9&_nc_ht=instagram.fgrq1-1.fna.fbcdn.net&_nc_cat=100&_nc_ohc=OYmPqrFG3fMQ7kNvgFMdF5f&edm=AFg4Q8wBAAAA&ccb=7-5&ig_cache_key=MzI2ODU5NzU2NDcwMDYxNzg5OQ%3D%3D.2-ccb7-5&oh=00_AYBpzzX27W2jEuBag-g6VQ-0GRflKuAnqQO8MEauQ3McPw&oe=66AFDDCF&_nc_sid=0b30b7		3	226	3				1703867215	414227934_713532187451532_4838433231018886603_n.jpg	Alo	@alo	Workout clothing	Clothing	
C1AD1hQLdVG	https://www.instagram.com/naraaziza/	C1AD1hQLdVG	C1AD1hQLdVG	low rise pants are my best friend right now @mango #mangowoman	naraaziza	nara	https://instagram.fgrq1-1.fna.fbcdn.net/v/t51.2885-19/394482066_690020596202150_346389312048911124_n.jpg?stp=dst-jpg_s150x150&_nc_ht=instagram.fgrq1-1.fna.fbcdn.net&_nc_cat=1&_nc_ohc=7cC87J5tMgMQ7kNvgF4GoX1&gid=ff8ddd3000c64fd0b0fac4475e7b9e59&edm=AFg4Q8wBAAAA&ccb=7-5&oh=00_AYBAjyM138ePtqWNFj4QItCV8Z0nVW3xjDz6zdMfQxU6ag&oe=66AFD339&_nc_sid=0b30b7	2023-12-18 17:22:53	photo	https://www.instagram.com/p/C1AD1hQLdVG	https://instagram.fgrq1-2.fna.fbcdn.net/v/t51.29350-15/411873409_281560577806082_1128677114931666088_n.jpg?stp=dst-jpg_e35&efg=eyJ2ZW5jb2RlX3RhZyI6ImltYWdlX3VybGdlbi4xNDQweDE4MDAuc2RyLmYyOTM1MCJ9&_nc_ht=instagram.fgrq1-2.fna.fbcdn.net&_nc_cat=102&_nc_ohc=Wo3CzhfbYEMQ7kNvgGt52A9&gid=ff8ddd3000c64fd0b0fac4475e7b9e59&edm=AFg4Q8wBAAAA&ccb=7-5&ig_cache_key=MzI2MDYyMjk5ODcxMTY4MTI5NQ%3D%3D.2-ccb7-5&oh=00_AYBHxGLNSROTgIc4v_x61QlxMgK6PjOdf7dJZeNRBh2orA&oe=66AFD7C2&_nc_sid=0b30b7	https://instagram.fgrq1-2.fna.fbcdn.net/v/t51.29350-15/411873409_281560577806082_1128677114931666088_n.jpg?stp=dst-jpg_e35&efg=eyJ2ZW5jb2RlX3RhZyI6ImltYWdlX3VybGdlbi4xNDQweDE4MDAuc2RyLmYyOTM1MCJ9&_nc_ht=instagram.fgrq1-2.fna.fbcdn.net&_nc_cat=102&_nc_ohc=Wo3CzhfbYEMQ7kNvgGt52A9&gid=ff8ddd3000c64fd0b0fac4475e7b9e59&edm=AFg4Q8wBAAAA&ccb=7-5&ig_cache_key=MzI2MDYyMjk5ODcxMTY4MTI5NQ%3D%3D.2-ccb7-5&oh=00_AYBHxGLNSROTgIc4v_x61QlxMgK6PjOdf7dJZeNRBh2orA&oe=66AFD7C2&_nc_sid=0b30b7	mangowoman	42452	209	2				1702916573	411873409_281560577806082_1128677114931666088_n.jpg	MANGO	@mango	Clothing	Clothing	
C0zDAhMryNI	https://www.instagram.com/naraaziza/	C0zDAhMryNI	C0zDAhMryNI	are you a tea or coffee person? @alo	naraaziza	nara	https://instagram.fgrq1-1.fna.fbcdn.net/v/t51.2885-19/394482066_690020596202150_346389312048911124_n.jpg?stp=dst-jpg_s150x150&_nc_ht=instagram.fgrq1-1.fna.fbcdn.net&_nc_cat=1&_nc_ohc=7cC87J5tMgMQ7kNvgF4GoX1&gid=ff8ddd3000c64fd0b0fac4475e7b9e59&edm=AFg4Q8wBAAAA&ccb=7-5&oh=00_AYBAjyM138ePtqWNFj4QItCV8Z0nVW3xjDz6zdMfQxU6ag&oe=66AFD339&_nc_sid=0b30b7	2023-12-13 16:05:31	photo	https://www.instagram.com/p/C0zDAhMryNI	https://instagram.fgrq1-1.fna.fbcdn.net/v/t51.29350-15/409947276_1320315988622597_956485606878780623_n.jpg?stp=dst-jpg_e35&efg=eyJ2ZW5jb2RlX3RhZyI6ImltYWdlX3VybGdlbi4xNDQweDE4MDAuc2RyLmYyOTM1MCJ9&_nc_ht=instagram.fgrq1-1.fna.fbcdn.net&_nc_cat=105&_nc_ohc=zE_GKOquUYUQ7kNvgH_9VrO&gid=ff8ddd3000c64fd0b0fac4475e7b9e59&edm=AFg4Q8wBAAAA&ccb=7-5&ig_cache_key=MzI1Njk2MDE4MDQ0NzczMTQ0OQ%3D%3D.2-ccb7-5&oh=00_AYDi2QaR71blv7Y3cT2tbwYsmOo6AH9K5EeEyB4FTDTKSA&oe=66AFF171&_nc_sid=0b30b7	https://instagram.fgrq1-1.fna.fbcdn.net/v/t51.29350-15/409947276_1320315988622597_956485606878780623_n.jpg?stp=dst-jpg_e35&efg=eyJ2ZW5jb2RlX3RhZyI6ImltYWdlX3VybGdlbi4xNDQweDE4MDAuc2RyLmYyOTM1MCJ9&_nc_ht=instagram.fgrq1-1.fna.fbcdn.net&_nc_cat=105&_nc_ohc=zE_GKOquUYUQ7kNvgH_9VrO&gid=ff8ddd3000c64fd0b0fac4475e7b9e59&edm=AFg4Q8wBAAAA&ccb=7-5&ig_cache_key=MzI1Njk2MDE4MDQ0NzczMTQ0OQ%3D%3D.2-ccb7-5&oh=00_AYDi2QaR71blv7Y3cT2tbwYsmOo6AH9K5EeEyB4FTDTKSA&oe=66AFF171&_nc_sid=0b30b7		3	307	3				1702479931	409947276_1320315988622597_956485606878780623_n.jpg	Alo	@alo	Workout clothing	Clothing	
C0UaSv_rOOQ	https://www.instagram.com/stories/naraaziza/3423695288525297553/	C0UaSv_rOOQ	C0UaSv_rOOQ	Hello Aspen!___ @hermes	naraaziza	nara	https://instagram.fgrq1-1.fna.fbcdn.net/v/t51.2885-19/394482066_690020596202150_346389312048911124_n.jpg?stp=dst-jpg_s150x150&_nc_ht=instagram.fgrq1-1.fna.fbcdn.net&_nc_cat=1&_nc_ohc=7cC87J5tMgMQ7kNvgF4GoX1&edm=AFg4Q8wBAAAA&ccb=7-5&oh=00_AYCfIKTW57KEEf4oKqL6nuCCzEFIP4phjtYOdGqOKr4QqA&oe=66AFD339&_nc_sid=0b30b7	2023-12-01 18:32:32	mixed	https://www.instagram.com/p/C0UaSv_rOOQ	https://instagram.fgrq1-1.fna.fbcdn.net/v/t51.29350-15/404901970_719119476458508_3975214627847912898_n.jpg?stp=dst-jpg_e35&efg=eyJ2ZW5jb2RlX3RhZyI6ImltYWdlX3VybGdlbi4xNDQweDE4MDAuc2RyLmYyOTM1MCJ9&_nc_ht=instagram.fgrq1-1.fna.fbcdn.net&_nc_cat=100&_nc_ohc=kdvAFvbvijMQ7kNvgFN5hTl&edm=AFg4Q8wBAAAA&ccb=7-5&ig_cache_key=MzI0ODMzNjg2NDE3ODc1NTEzMQ%3D%3D.2-ccb7-5&oh=00_AYDmK4aePwEx1Fv2qdt38hmrnKv3ZHleaXkxMxVBOA8A2g&oe=66AFE040&_nc_sid=0b30b7	https://instagram.fgrq1-1.fna.fbcdn.net/v/t51.29350-15/404901970_719119476458508_3975214627847912898_n.jpg?stp=dst-jpg_e35&efg=eyJ2ZW5jb2RlX3RhZyI6ImltYWdlX3VybGdlbi4xNDQweDE4MDAuc2RyLmYyOTM1MCJ9&_nc_ht=instagram.fgrq1-1.fna.fbcdn.net&_nc_cat=100&_nc_ohc=kdvAFvbvijMQ7kNvgFN5hTl&edm=AFg4Q8wBAAAA&ccb=7-5&ig_cache_key=MzI0ODMzNjg2NDE3ODc1NTEzMQ%3D%3D.2-ccb7-5&oh=00_AYDmK4aePwEx1Fv2qdt38hmrnKv3ZHleaXkxMxVBOA8A2g&oe=66AFE040&_nc_sid=0b30b7		3	120	7				1701451952	404901970_719119476458508_3975214627847912898_n.jpg	Herm�s	@hermes	Brand trip	Event	
Cz887IeL1FY	https://www.instagram.com/stories/naraaziza/3423695288525297553/	Cz887IeL1FY	Cz887IeL1FY	cozy always!! what�s your current fall obsession? @revolve	naraaziza	nara	https://instagram.fgrq1-1.fna.fbcdn.net/v/t51.2885-19/394482066_690020596202150_346389312048911124_n.jpg?stp=dst-jpg_s150x150&_nc_ht=instagram.fgrq1-1.fna.fbcdn.net&_nc_cat=1&_nc_ohc=7cC87J5tMgMQ7kNvgF4GoX1&edm=AFg4Q8wBAAAA&ccb=7-5&oh=00_AYCfIKTW57KEEf4oKqL6nuCCzEFIP4phjtYOdGqOKr4QqA&oe=66AFD339&_nc_sid=0b30b7	2023-11-22 15:53:22	photo	https://www.instagram.com/p/Cz887IeL1FY	https://instagram.fgrq1-2.fna.fbcdn.net/v/t51.29350-15/403858359_2072316059816810_1505589792735655030_n.jpg?stp=dst-jpg_e35&efg=eyJ2ZW5jb2RlX3RhZyI6ImltYWdlX3VybGdlbi4xNDQweDE4MDAuc2RyLmYyOTM1MCJ9&_nc_ht=instagram.fgrq1-2.fna.fbcdn.net&_nc_cat=102&_nc_ohc=nlZZBTv_m6gQ7kNvgF5uUxK&edm=AFg4Q8wBAAAA&ccb=7-5&ig_cache_key=MzI0MTczMzc3MzY2NDkwODg2OA%3D%3D.2-ccb7-5&oh=00_AYDL4d7JK-aL1iKvOYG0Je4BEPuxt_Hd6PnPQ-v0zlPFew&oe=66AFE8FA&_nc_sid=0b30b7	https://instagram.fgrq1-2.fna.fbcdn.net/v/t51.29350-15/403858359_2072316059816810_1505589792735655030_n.jpg?stp=dst-jpg_e35&efg=eyJ2ZW5jb2RlX3RhZyI6ImltYWdlX3VybGdlbi4xNDQweDE4MDAuc2RyLmYyOTM1MCJ9&_nc_ht=instagram.fgrq1-2.fna.fbcdn.net&_nc_cat=102&_nc_ohc=nlZZBTv_m6gQ7kNvgF5uUxK&edm=AFg4Q8wBAAAA&ccb=7-5&ig_cache_key=MzI0MTczMzc3MzY2NDkwODg2OA%3D%3D.2-ccb7-5&oh=00_AYDL4d7JK-aL1iKvOYG0Je4BEPuxt_Hd6PnPQ-v0zlPFew&oe=66AFE8FA&_nc_sid=0b30b7		3	47	2				1700664802	403858359_2072316059816810_1505589792735655030_n.jpg	REVOLVE	@revolve	clothing	clothing	
Czyw91LL2J2	https://www.instagram.com/stories/naraaziza/3423695288525297553/	Czyw91LL2J2	Czyw91LL2J2	is it too early to put up the tree or do you have it up already? @alo __	naraaziza	nara	https://instagram.fgrq1-1.fna.fbcdn.net/v/t51.2885-19/394482066_690020596202150_346389312048911124_n.jpg?stp=dst-jpg_s150x150&_nc_ht=instagram.fgrq1-1.fna.fbcdn.net&_nc_cat=1&_nc_ohc=7cC87J5tMgMQ7kNvgF4GoX1&edm=AFg4Q8wBAAAA&ccb=7-5&oh=00_AYCfIKTW57KEEf4oKqL6nuCCzEFIP4phjtYOdGqOKr4QqA&oe=66AFD339&_nc_sid=0b30b7	2023-11-18 16:56:28	photo	https://www.instagram.com/p/Czyw91LL2J2	https://instagram.fgrq1-1.fna.fbcdn.net/v/t51.29350-15/403835834_665921522240026_8993585033266338751_n.jpg?stp=dst-jpg_e35&efg=eyJ2ZW5jb2RlX3RhZyI6ImltYWdlX3VybGdlbi4xNDQweDE4MDAuc2RyLmYyOTM1MCJ9&_nc_ht=instagram.fgrq1-1.fna.fbcdn.net&_nc_cat=110&_nc_ohc=cM0jgbyuSoQQ7kNvgEXVCGJ&gid=526bacece53f4c039321d7390bc7d36c&edm=AFg4Q8wBAAAA&ccb=7-5&ig_cache_key=MzIzODg2NjQzMzgyNjc4NjE3Ng%3D%3D.2-ccb7-5&oh=00_AYB7G63USxHQGRA9Q6qKRbu_o_zSsGURCUbxKam6pdYZbw&oe=66AFDD44&_nc_sid=0b30b7	https://instagram.fgrq1-1.fna.fbcdn.net/v/t51.29350-15/403835834_665921522240026_8993585033266338751_n.jpg?stp=dst-jpg_e35&efg=eyJ2ZW5jb2RlX3RhZyI6ImltYWdlX3VybGdlbi4xNDQweDE4MDAuc2RyLmYyOTM1MCJ9&_nc_ht=instagram.fgrq1-1.fna.fbcdn.net&_nc_cat=110&_nc_ohc=cM0jgbyuSoQQ7kNvgEXVCGJ&gid=526bacece53f4c039321d7390bc7d36c&edm=AFg4Q8wBAAAA&ccb=7-5&ig_cache_key=MzIzODg2NjQzMzgyNjc4NjE3Ng%3D%3D.2-ccb7-5&oh=00_AYB7G63USxHQGRA9Q6qKRbu_o_zSsGURCUbxKam6pdYZbw&oe=66AFDD44&_nc_sid=0b30b7		3	71	2				1700322988	403835834_665921522240026_8993585033266338751_n.jpg	Alo	@alo	Workout clothing	Clothing	