id	post_source_domain	thread_id	parent_id	body	timestamp	filename	author	author_fullname	author_avatar_url	type	url	image_url	media_url	hashtags	num_likes	num_comments	num_media	location_name	location_latlong	location_city	unix_timestamp	brand	ig_handle	product	category	
C4EdKPgOdtW	https://www.instagram.com/willow.allen/	C4EdKPgOdtW	C4EdKPgOdtW	"Winter walk with our little bear __
 

 @artipoppe __"	2024-03-03 23:55:18	431560119_429602589411535_6765100335627142179_n.jpg	willow.allen	Willow Allen	https://instagram.fgrq1-1.fna.fbcdn.net/v/t51.2885-19/298450771_629693175186828_3032796863016018186_n.jpg?stp=dst-jpg_s150x150&_nc_ht=instagram.fgrq1-1.fna.fbcdn.net&_nc_cat=100&_nc_ohc=9iCX8GS1VukQ7kNvgH4KHDg&gid=a8a5c1ad1ca84f17a13b52d6c2774a95&edm=AFg4Q8wBAAAA&ccb=7-5&oh=00_AYBwAI3UvUAdHOBJ_BvrYXr0ktJucmd5e8TLJ1dTjkAWIQ&oe=66B01BAC&_nc_sid=0b30b7	photo	https://www.instagram.com/p/C4EdKPgOdtW	https://instagram.fgrq1-2.fna.fbcdn.net/v/t51.29350-15/431560119_429602589411535_6765100335627142179_n.jpg?stp=dst-jpg_e35&efg=eyJ2ZW5jb2RlX3RhZyI6ImltYWdlX3VybGdlbi4xNDQweDE4MDAuc2RyLmYyOTM1MCJ9&_nc_ht=instagram.fgrq1-2.fna.fbcdn.net&_nc_cat=107&_nc_ohc=vWdSQ_aozEAQ7kNvgHu6j3k&edm=AFg4Q8wBAAAA&ccb=7-5&ig_cache_key=MzMxNTkwMzQ2OTA1ODU1MzQxNQ%3D%3D.2-ccb7-5&oh=00_AYC4dhxN3AJXPhJ07aAIFLI6Tq-AG7xXa1YQr-h3O3d6Fg&oe=66AFEA1D&_nc_sid=0b30b7	https://instagram.fgrq1-2.fna.fbcdn.net/v/t51.29350-15/431560119_429602589411535_6765100335627142179_n.jpg?stp=dst-jpg_e35&efg=eyJ2ZW5jb2RlX3RhZyI6ImltYWdlX3VybGdlbi4xNDQweDE4MDAuc2RyLmYyOTM1MCJ9&_nc_ht=instagram.fgrq1-2.fna.fbcdn.net&_nc_cat=107&_nc_ohc=vWdSQ_aozEAQ7kNvgHu6j3k&edm=AFg4Q8wBAAAA&ccb=7-5&ig_cache_key=MzMxNTkwMzQ2OTA1ODU1MzQxNQ%3D%3D.2-ccb7-5&oh=00_AYC4dhxN3AJXPhJ07aAIFLI6Tq-AG7xXa1YQr-h3O3d6Fg&oe=66AFEA1D&_nc_sid=0b30b7		7796	16	2				1709506518	ARTIPOPPE	@artipoppe	baby carrier	baby items	
C1GDAbKuXAw	https://www.instagram.com/willow.allen/	C1GDAbKuXAw	C1GDAbKuXAw	"WeÕre having a boy!! __
 

 I couldnÕt be more excited to share this news. From the beginning of my pregnancy we thought we wouldnÕt find out the gender until the baby arrived. I loved the idea of keeping it a surprise because thatÕs what our parents had done for us. But through this pregnancy it was so difficult at the beginning to think about pregnancy without thinking of how hard each day had been because of the sickness. We decided to find out the gender at 25 weeks and it brought us so much joy finding out we are having a little boy. Picturing him and what parenthood will look like has been the most exciting few months and we cannot wait to meet him 
 

 Beautiful earrings and baby wrap arounds by @abigail_maryann_clarke_"	2023-12-21 1:11:04	412348821_2246751698848209_7031399466560778478_n.jpg	willow.allen	Willow Allen	https://instagram.fgrq1-1.fna.fbcdn.net/v/t51.2885-19/298450771_629693175186828_3032796863016018186_n.jpg?stp=dst-jpg_s150x150&_nc_ht=instagram.fgrq1-1.fna.fbcdn.net&_nc_cat=100&_nc_ohc=9iCX8GS1VukQ7kNvgH4KHDg&gid=a21e0af7f1134f0993832e0210843df5&edm=AFg4Q8wBAAAA&ccb=7-5&oh=00_AYBQLg4VhXxlLk8oudYWaSYBkDKT2g4e-OPVh_N6UKNx5Q&oe=66B01BAC&_nc_sid=0b30b7	photo	https://www.instagram.com/p/C1GDAbKuXAw	https://instagram.fgrq1-2.fna.fbcdn.net/v/t51.29350-15/412348821_2246751698848209_7031399466560778478_n.jpg?stp=dst-jpg_e35&efg=eyJ2ZW5jb2RlX3RhZyI6ImltYWdlX3VybGdlbi4xNDQweDE3OTkuc2RyLmYyOTM1MCJ9&_nc_ht=instagram.fgrq1-2.fna.fbcdn.net&_nc_cat=109&_nc_ohc=xqrcS0yeUggQ7kNvgHBX8z2&gid=a21e0af7f1134f0993832e0210843df5&edm=AFg4Q8wBAAAA&ccb=7-5&ig_cache_key=MzI2MjMwODE5ODU2MzY4NTI1NQ%3D%3D.2-ccb7-5&oh=00_AYAhsf0sCy5B10BfECq2iiL8tZDQHMkuRxvPpeOzsfSb-g&oe=66AFEC45&_nc_sid=0b30b7	https://instagram.fgrq1-2.fna.fbcdn.net/v/t51.29350-15/412348821_2246751698848209_7031399466560778478_n.jpg?stp=dst-jpg_e35&efg=eyJ2ZW5jb2RlX3RhZyI6ImltYWdlX3VybGdlbi4xNDQweDE3OTkuc2RyLmYyOTM1MCJ9&_nc_ht=instagram.fgrq1-2.fna.fbcdn.net&_nc_cat=109&_nc_ohc=xqrcS0yeUggQ7kNvgHBX8z2&gid=a21e0af7f1134f0993832e0210843df5&edm=AFg4Q8wBAAAA&ccb=7-5&ig_cache_key=MzI2MjMwODE5ODU2MzY4NTI1NQ%3D%3D.2-ccb7-5&oh=00_AYAhsf0sCy5B10BfECq2iiL8tZDQHMkuRxvPpeOzsfSb-g&oe=66AFEC45&_nc_sid=0b30b7		24586	134	5				1703117464	Abigail Clarke	@abigail_maryann_clarke_	earrings and baby wrap arounds	accessory, baby item	
Cyq7E4Zuc8F	https://www.instagram.com/willow.allen/	Cyq7E4Zuc8F	Cyq7E4Zuc8F	@joefresh has great outerwear and an even greater price point! A great look for all my fall outdoor activities, even in the Arctic. #ad	2023-10-21 20:19:30	394282293_1473228160134035_432980208665164933_n.jpg	willow.allen	Willow Allen	https://instagram.fgrq1-1.fna.fbcdn.net/v/t51.2885-19/298450771_629693175186828_3032796863016018186_n.jpg?stp=dst-jpg_s150x150&_nc_ht=instagram.fgrq1-1.fna.fbcdn.net&_nc_cat=100&_nc_ohc=9iCX8GS1VukQ7kNvgH4KHDg&gid=3d9e81c9981645ce8e5ff102df154d93&edm=AFg4Q8wBAAAA&ccb=7-5&oh=00_AYASg4GdYQ_C2i9zV8WDOSP_S3kiOduOx35lNNlsoFbyxw&oe=66B01BAC&_nc_sid=0b30b7	photo	https://www.instagram.com/p/Cyq7E4Zuc8F	https://instagram.fgrq1-1.fna.fbcdn.net/v/t51.29350-15/394282293_1473228160134035_432980208665164933_n.jpg?stp=dst-jpg_e35&efg=eyJ2ZW5jb2RlX3RhZyI6ImltYWdlX3VybGdlbi4xNDQweDE3OTkuc2RyLmYyOTM1MCJ9&_nc_ht=instagram.fgrq1-1.fna.fbcdn.net&_nc_cat=111&_nc_ohc=TTYXomV2JucQ7kNvgHiX46J&gid=3d9e81c9981645ce8e5ff102df154d93&edm=AFg4Q8wBAAAA&ccb=7-5&ig_cache_key=MzIxODY0NDY5OTk1MDE2MTA2NQ%3D%3D.2-ccb7-5&oh=00_AYAUYHHc06iry143IooEZVIU6_SelSS8ZYIW-BUpPQcLxQ&oe=66B01683&_nc_sid=0b30b7	https://instagram.fgrq1-1.fna.fbcdn.net/v/t51.29350-15/394282293_1473228160134035_432980208665164933_n.jpg?stp=dst-jpg_e35&efg=eyJ2ZW5jb2RlX3RhZyI6ImltYWdlX3VybGdlbi4xNDQweDE3OTkuc2RyLmYyOTM1MCJ9&_nc_ht=instagram.fgrq1-1.fna.fbcdn.net&_nc_cat=111&_nc_ohc=TTYXomV2JucQ7kNvgHiX46J&gid=3d9e81c9981645ce8e5ff102df154d93&edm=AFg4Q8wBAAAA&ccb=7-5&ig_cache_key=MzIxODY0NDY5OTk1MDE2MTA2NQ%3D%3D.2-ccb7-5&oh=00_AYAUYHHc06iry143IooEZVIU6_SelSS8ZYIW-BUpPQcLxQ&oe=66B01683&_nc_sid=0b30b7	ad	3133	11	3	Inuvik, Northwest Territories	68.36106,-133.73494		1697912370	Joe Fresh	@joefresh	outerwear	clothing	
CtNVbcdPPr2	https://www.instagram.com/willow.allen/	CtNVbcdPPr2	CtNVbcdPPr2	What an amazing evening at #L23K __ thank you @streitmode @modemichael @contemporarycalgary for having me! #modefam	2023-06-08 1:55:35	352268467_771743041284580_2226874087420107287_n.jpg	willow.allen	Willow Allen	https://instagram.fgrq1-1.fna.fbcdn.net/v/t51.2885-19/298450771_629693175186828_3032796863016018186_n.jpg?stp=dst-jpg_s150x150&_nc_ht=instagram.fgrq1-1.fna.fbcdn.net&_nc_cat=100&_nc_ohc=9iCX8GS1VukQ7kNvgH4KHDg&edm=AFg4Q8wBAAAA&ccb=7-5&oh=00_AYAWRk-Gma788W6T1PdvKSdSIAGG3xdgBuOdr6kIFGGrRA&oe=66B01BAC&_nc_sid=0b30b7	photo	https://www.instagram.com/p/CtNVbcdPPr2	https://instagram.fgrq1-2.fna.fbcdn.net/v/t51.29350-15/352268467_771743041284580_2226874087420107287_n.jpg?stp=dst-jpg_e35&efg=eyJ2ZW5jb2RlX3RhZyI6ImltYWdlX3VybGdlbi44NDh4NTU3LnNkci5mMjkzNTAifQ&_nc_ht=instagram.fgrq1-2.fna.fbcdn.net&_nc_cat=104&_nc_ohc=j9hbkfEg7IoQ7kNvgHGB7Vm&gid=65df25c4cb57403e97135ca681b692b8&edm=AFg4Q8wBAAAA&ccb=7-5&ig_cache_key=MzEyMDI0NDM1NjMxNzk2NTM0OQ%3D%3D.2-ccb7-5&oh=00_AYBmyQ8Phaw3sCdG1z5B4gOtzD1MHJ-DRx54Kr5gVL7D1A&oe=66AFEAE7&_nc_sid=0b30b7	https://instagram.fgrq1-2.fna.fbcdn.net/v/t51.29350-15/352268467_771743041284580_2226874087420107287_n.jpg?stp=dst-jpg_e35&efg=eyJ2ZW5jb2RlX3RhZyI6ImltYWdlX3VybGdlbi44NDh4NTU3LnNkci5mMjkzNTAifQ&_nc_ht=instagram.fgrq1-2.fna.fbcdn.net&_nc_cat=104&_nc_ohc=j9hbkfEg7IoQ7kNvgHGB7Vm&gid=65df25c4cb57403e97135ca681b692b8&edm=AFg4Q8wBAAAA&ccb=7-5&ig_cache_key=MzEyMDI0NDM1NjMxNzk2NTM0OQ%3D%3D.2-ccb7-5&oh=00_AYBmyQ8Phaw3sCdG1z5B4gOtzD1MHJ-DRx54Kr5gVL7D1A&oe=66AFEAE7&_nc_sid=0b30b7	L23K,modefam	1174	10	8				1686182135	"Kelly Streit, Michael Meneghetti
"	@streitmode @modemichael	modelling event	event	
Crt_Q10PxSt	https://www.instagram.com/willow.allen/	Crt_Q10PxSt	Crt_Q10PxSt	"Make a RITZ Crackers snack with me!
 

 I love getting to incorporate my culture and life growing up on the land in all things that I do. Growing up on the inuvialuit settlement region taught me so much about family, the way the land provides, and how to be grateful. This snack is a way that I can incorporate what the land at home provides wherever I am, you can enjoy this delicious recipe too by clicking on the link in my bio!
 

 @ritzcrackerscanada #welcomenewflavours #sponsored"	2023-05-02 1:14:03	344026215_969476077516436_1054314635771041267_n.jpg	willow.allen	Willow Allen	https://instagram.fgrq1-1.fna.fbcdn.net/v/t51.2885-19/298450771_629693175186828_3032796863016018186_n.jpg?stp=dst-jpg_s150x150&_nc_ht=instagram.fgrq1-1.fna.fbcdn.net&_nc_cat=100&_nc_ohc=9iCX8GS1VukQ7kNvgH4KHDg&edm=AFg4Q8wBAAAA&ccb=7-5&oh=00_AYAWRk-Gma788W6T1PdvKSdSIAGG3xdgBuOdr6kIFGGrRA&oe=66B01BAC&_nc_sid=0b30b7	photo	https://www.instagram.com/p/Crt_Q10PxSt	https://instagram.fgrq1-2.fna.fbcdn.net/v/t51.29350-15/344026215_969476077516436_1054314635771041267_n.jpg?stp=dst-jpg_e35&efg=eyJ2ZW5jb2RlX3RhZyI6ImltYWdlX3VybGdlbi4xNDQweDE3OTkuc2RyLmYyOTM1MCJ9&_nc_ht=instagram.fgrq1-2.fna.fbcdn.net&_nc_cat=108&_nc_ohc=KY_04NLVUlUQ7kNvgF2Up82&edm=AFg4Q8wBAAAA&ccb=7-5&ig_cache_key=MzA5MzQwNjc0ODkyMTIxMzI3OA%3D%3D.2-ccb7-5&oh=00_AYDvvbRR_y6yeiT0tsZmklLAzKdhGUjdycjCsslIYwh5nQ&oe=66AFF9D7&_nc_sid=0b30b7	https://instagram.fgrq1-2.fna.fbcdn.net/v/t51.29350-15/344026215_969476077516436_1054314635771041267_n.jpg?stp=dst-jpg_e35&efg=eyJ2ZW5jb2RlX3RhZyI6ImltYWdlX3VybGdlbi4xNDQweDE3OTkuc2RyLmYyOTM1MCJ9&_nc_ht=instagram.fgrq1-2.fna.fbcdn.net&_nc_cat=108&_nc_ohc=KY_04NLVUlUQ7kNvgF2Up82&edm=AFg4Q8wBAAAA&ccb=7-5&ig_cache_key=MzA5MzQwNjc0ODkyMTIxMzI3OA%3D%3D.2-ccb7-5&oh=00_AYDvvbRR_y6yeiT0tsZmklLAzKdhGUjdycjCsslIYwh5nQ&oe=66AFF9D7&_nc_sid=0b30b7	welcomenewflavours,sponsored	969	2	2				1682982843	RITZ Crackers Canada	@ritzcrackerscanada	crackers	food	
Co49gdguVR4	https://www.instagram.com/willow.allen/	Co49gdguVR4	Co49gdguVR4	@dynamiteclothing __	2023-02-20 16:56:10	332347767_141836958752419_1900886070612768093_n.jpg	willow.allen	Willow Allen	https://instagram.fgrq1-1.fna.fbcdn.net/v/t51.2885-19/298450771_629693175186828_3032796863016018186_n.jpg?stp=dst-jpg_s150x150&_nc_ht=instagram.fgrq1-1.fna.fbcdn.net&_nc_cat=100&_nc_ohc=9iCX8GS1VukQ7kNvgH4KHDg&edm=AFg4Q8wBAAAA&ccb=7-5&oh=00_AYAWRk-Gma788W6T1PdvKSdSIAGG3xdgBuOdr6kIFGGrRA&oe=66B01BAC&_nc_sid=0b30b7	photo	https://www.instagram.com/p/Co49gdguVR4	https://instagram.fgrq1-2.fna.fbcdn.net/v/t51.29350-15/332347767_141836958752419_1900886070612768093_n.jpg?stp=dst-jpg_e35&efg=eyJ2ZW5jb2RlX3RhZyI6ImltYWdlX3VybGdlbi4xNDQweDE3OTkuc2RyLmYyOTM1MCJ9&_nc_ht=instagram.fgrq1-2.fna.fbcdn.net&_nc_cat=107&_nc_ohc=Io0iJbgsoUEQ7kNvgHarlof&gid=5a0ca5596b9c4cb5b43c1ae97a8f0d41&edm=AFg4Q8wBAAAA&ccb=7-5&ig_cache_key=MzA0MjQ1MjA1NjA5NTU0ODU3Ng%3D%3D.2-ccb7-5&oh=00_AYC7twsSjJclGNA-2KVYywUn8XfYxvk6xlapoC-G00ugXA&oe=66AFEA18&_nc_sid=0b30b7	https://instagram.fgrq1-2.fna.fbcdn.net/v/t51.29350-15/332347767_141836958752419_1900886070612768093_n.jpg?stp=dst-jpg_e35&efg=eyJ2ZW5jb2RlX3RhZyI6ImltYWdlX3VybGdlbi4xNDQweDE3OTkuc2RyLmYyOTM1MCJ9&_nc_ht=instagram.fgrq1-2.fna.fbcdn.net&_nc_cat=107&_nc_ohc=Io0iJbgsoUEQ7kNvgHarlof&gid=5a0ca5596b9c4cb5b43c1ae97a8f0d41&edm=AFg4Q8wBAAAA&ccb=7-5&ig_cache_key=MzA0MjQ1MjA1NjA5NTU0ODU3Ng%3D%3D.2-ccb7-5&oh=00_AYC7twsSjJclGNA-2KVYywUn8XfYxvk6xlapoC-G00ugXA&oe=66AFEA18&_nc_sid=0b30b7		1205	4	4	Montreal, Quebec	45.5038,-73.5744		1676908570	Dynamite Clothing	@dynamiteclothing	brand photoshoot	clothing	
Cos6FhEukGt	https://www.instagram.com/willow.allen/	Cos6FhEukGt	Cos6FhEukGt	Hello Montreal I missed you __ @dynamiteclothing	2023-02-16 0:35:23	330986141_3024741444501743_3825989397801236062_n.jpg	willow.allen	Willow Allen	https://instagram.fgrq1-1.fna.fbcdn.net/v/t51.2885-19/298450771_629693175186828_3032796863016018186_n.jpg?stp=dst-jpg_s150x150&_nc_ht=instagram.fgrq1-1.fna.fbcdn.net&_nc_cat=100&_nc_ohc=9iCX8GS1VukQ7kNvgH4KHDg&edm=AFg4Q8wBAAAA&ccb=7-5&oh=00_AYAWRk-Gma788W6T1PdvKSdSIAGG3xdgBuOdr6kIFGGrRA&oe=66B01BAC&_nc_sid=0b30b7	video	https://www.instagram.com/p/Cos6FhEukGt	https://instagram.fgrq1-1.fna.fbcdn.net/v/t51.2885-15/330986141_3024741444501743_3825989397801236062_n.jpg?stp=dst-jpg_e15&efg=eyJ2ZW5jb2RlX3RhZyI6ImltYWdlX3VybGdlbi43MjB4OTAwLnNkci5mMzYzMjkifQ&_nc_ht=instagram.fgrq1-1.fna.fbcdn.net&_nc_cat=111&_nc_ohc=iYR-a5nS_HgQ7kNvgEhvrbI&gid=5a0ca5596b9c4cb5b43c1ae97a8f0d41&edm=AFg4Q8wBAAAA&ccb=7-5&ig_cache_key=MzAzOTA1OTA2NTAyMTcyOTcwNQ%3D%3D.2-ccb7-5&oh=00_AYBkUNYYe-36hFMp9Q9Rhql8Z6imq0kHfc9YafXbbn81hQ&oe=66B00B7B&_nc_sid=0b30b7	https://scontent.cdninstagram.com/o1/v/t16/f2/m69/An_yd9bkUWA2AkNKCvAmEYCDAczj2IgsEI5qKf_f5ykm8eEhCy7K_rm0zEQDsE2NMXdnbCGLkiEhXW4LxJzyj7M.mp4?efg=eyJ2ZW5jb2RlX3RhZyI6Inhwdl9wcm9ncmVzc2l2ZS5JTlNUQUdSQU0uQ0FST1VTRUxfSVRFTS5DMy43MjAuZGFzaF9iYXNlbGluZV8xX3YxIn0&_nc_ht=scontent.cdninstagram.com&_nc_cat=103&strext=1&vs=f0b7706ef134258f&_nc_vs=HBksFQIYOnBhc3N0aHJvdWdoX2V2ZXJzdG9yZS9HT3dodnhQRmJFa3pPSU1BQU5ER3o5N2dCT3hpYmtZTEFBQUYVAALIAQAVAhg6cGFzc3Rocm91Z2hfZXZlcnN0b3JlL0dPeGZyUlBsa29tbDhnTUdBTkxDTFpfcEJEQmdia1lMQUFBRhUCAsgBACgAGAAbAogHdXNlX29pbAExEnByb2dyZXNzaXZlX3JlY2lwZQExFQAAJuLS3qv%2FtaQDFQIoAkMzLBdAF3bItDlYEBgSZGFzaF9iYXNlbGluZV8xX3YxEQB17gcA&ccb=9-4&oh=00_AYBVHTRDx1-4Dzc-ThgcGCfAwrpcq7C-2zCO69HBCIcI-w&oe=66AC0369&_nc_sid=1d576d		3500	28	3	Montreal, Quebec	45.5038,-73.5744		1676504123	Dynamite Clothing	@dynamiteclothing	brand photoshoot	clothing	
CmKqjXUuOq8	https://www.instagram.com/willow.allen/	CmKqjXUuOq8	CmKqjXUuOq8	This is the season for cozy winter fits Ft. my fav Blundstones boots __ @littleburgundyshoes #lbpartner	2022-12-15 0:22:41	319624574_2333599820128684_6176874037270420335_n.jpg	willow.allen	Willow Allen	https://instagram.fgrq1-1.fna.fbcdn.net/v/t51.2885-19/298450771_629693175186828_3032796863016018186_n.jpg?stp=dst-jpg_s150x150&_nc_ht=instagram.fgrq1-1.fna.fbcdn.net&_nc_cat=100&_nc_ohc=9iCX8GS1VukQ7kNvgH4KHDg&edm=AFg4Q8wBAAAA&ccb=7-5&oh=00_AYAWRk-Gma788W6T1PdvKSdSIAGG3xdgBuOdr6kIFGGrRA&oe=66B01BAC&_nc_sid=0b30b7	photo	https://www.instagram.com/p/CmKqjXUuOq8	https://instagram.fgrq1-2.fna.fbcdn.net/v/t51.29350-15/319624574_2333599820128684_6176874037270420335_n.jpg?stp=dst-jpg_e35&efg=eyJ2ZW5jb2RlX3RhZyI6ImltYWdlX3VybGdlbi4xNDQweDE3ODQuc2RyLmYyOTM1MCJ9&_nc_ht=instagram.fgrq1-2.fna.fbcdn.net&_nc_cat=104&_nc_ohc=Vf8Qqkq_7j4Q7kNvgERA7yS&gid=6de62123ebd047e5817e6186bdce8d78&edm=AFg4Q8wBAAAA&ccb=7-5&ig_cache_key=Mjk5MzM5MjA1MDUxOTk5MzAyMA%3D%3D.2-ccb7-5&oh=00_AYBIrTDpvd5pR8agLBqB3LzauZap9xKPqsz8vKv7pAcILw&oe=66B000CF&_nc_sid=0b30b7	https://instagram.fgrq1-2.fna.fbcdn.net/v/t51.29350-15/319624574_2333599820128684_6176874037270420335_n.jpg?stp=dst-jpg_e35&efg=eyJ2ZW5jb2RlX3RhZyI6ImltYWdlX3VybGdlbi4xNDQweDE3ODQuc2RyLmYyOTM1MCJ9&_nc_ht=instagram.fgrq1-2.fna.fbcdn.net&_nc_cat=104&_nc_ohc=Vf8Qqkq_7j4Q7kNvgERA7yS&gid=6de62123ebd047e5817e6186bdce8d78&edm=AFg4Q8wBAAAA&ccb=7-5&ig_cache_key=Mjk5MzM5MjA1MDUxOTk5MzAyMA%3D%3D.2-ccb7-5&oh=00_AYBIrTDpvd5pR8agLBqB3LzauZap9xKPqsz8vKv7pAcILw&oe=66B000CF&_nc_sid=0b30b7	lbpartner	1422	11	1				1671060161	LITTLE BURGUNDY	@littleburgundyshoes	boots	clothing	
Cjq00yIOeYJ	https://www.instagram.com/willow.allen/	Cjq00yIOeYJ	Cjq00yIOeYJ	"My three October moods: Coffee shop__ Online school__ Date night__ 
 

 For all your fall moods, get everything you need from @JoeFresh __ #ad"	2022-10-13 23:33:57	311310605_181233207782439_1766596158502446315_n.jpg	willow.allen	Willow Allen	https://instagram.fgrq1-1.fna.fbcdn.net/v/t51.2885-19/298450771_629693175186828_3032796863016018186_n.jpg?stp=dst-jpg_s150x150&_nc_ht=instagram.fgrq1-1.fna.fbcdn.net&_nc_cat=100&_nc_ohc=9iCX8GS1VukQ7kNvgH4KHDg&edm=AFg4Q8wBAAAA&ccb=7-5&oh=00_AYAWRk-Gma788W6T1PdvKSdSIAGG3xdgBuOdr6kIFGGrRA&oe=66B01BAC&_nc_sid=0b30b7	photo	https://www.instagram.com/p/Cjq00yIOeYJ	https://instagram.fgrq1-1.fna.fbcdn.net/v/t51.29350-15/311310605_181233207782439_1766596158502446315_n.jpg?stp=dst-jpg_e35&efg=eyJ2ZW5jb2RlX3RhZyI6ImltYWdlX3VybGdlbi4xNDQweDE4MDAuc2RyLmYyOTM1MCJ9&_nc_ht=instagram.fgrq1-1.fna.fbcdn.net&_nc_cat=103&_nc_ohc=08Z1d_rRi1MQ7kNvgG8FT2F&gid=6de62123ebd047e5817e6186bdce8d78&edm=AFg4Q8wBAAAA&ccb=7-5&ig_cache_key=Mjk0ODQwMTIyODQ2MDc1MDg2Mw%3D%3D.2-ccb7-5&oh=00_AYAOqaGykTBgnUHzGdcOV9GC--8PaYLCTuNgJbaG5xMlIw&oe=66AFFA36&_nc_sid=0b30b7	https://instagram.fgrq1-1.fna.fbcdn.net/v/t51.29350-15/311310605_181233207782439_1766596158502446315_n.jpg?stp=dst-jpg_e35&efg=eyJ2ZW5jb2RlX3RhZyI6ImltYWdlX3VybGdlbi4xNDQweDE4MDAuc2RyLmYyOTM1MCJ9&_nc_ht=instagram.fgrq1-1.fna.fbcdn.net&_nc_cat=103&_nc_ohc=08Z1d_rRi1MQ7kNvgG8FT2F&gid=6de62123ebd047e5817e6186bdce8d78&edm=AFg4Q8wBAAAA&ccb=7-5&ig_cache_key=Mjk0ODQwMTIyODQ2MDc1MDg2Mw%3D%3D.2-ccb7-5&oh=00_AYAOqaGykTBgnUHzGdcOV9GC--8PaYLCTuNgJbaG5xMlIw&oe=66AFFA36&_nc_sid=0b30b7	ad	2288	7	3				1665696837	Joe Fresh	@JoeFresh	autumn outfits	clothing	
Ci5hcOpuo0h	https://www.instagram.com/willow.allen/	Ci5hcOpuo0h	Ci5hcOpuo0h	"GRWM for a date night with my husband, wearing my traditional Inuit clothing!_
 

 IÕm wearing my Atiqluk and matching @annabellecosmetics makeup. Our traditional Inuit clothing is such an important part of our culture. Everything we wear has such meaning and importance behind it. I love using makeup to tie it all together - bringing my culture into the way I present and express myself gives me so much pride and confidence. This is when I feel the most beautiful __
 

 #AnnabelleForEveryone #AnnabelleCosmetics #AnnabelleStaysOn #Ad"	2022-09-24 20:01:48	308663316_196978079436690_4742655802929401196_n.jpg	willow.allen	Willow Allen	https://instagram.fgrq1-1.fna.fbcdn.net/v/t51.2885-19/298450771_629693175186828_3032796863016018186_n.jpg?stp=dst-jpg_s150x150&_nc_ht=instagram.fgrq1-1.fna.fbcdn.net&_nc_cat=100&_nc_ohc=9iCX8GS1VukQ7kNvgH4KHDg&edm=AFg4Q8wBAAAA&ccb=7-5&oh=00_AYAWRk-Gma788W6T1PdvKSdSIAGG3xdgBuOdr6kIFGGrRA&oe=66B01BAC&_nc_sid=0b30b7	photo	https://www.instagram.com/p/Ci5hcOpuo0h	https://instagram.fgrq1-2.fna.fbcdn.net/v/t51.29350-15/308663316_196978079436690_4742655802929401196_n.jpg?stp=dst-jpg_e35&efg=eyJ2ZW5jb2RlX3RhZyI6ImltYWdlX3VybGdlbi4xNDQweDE4MDAuc2RyLmYyOTM1MCJ9&_nc_ht=instagram.fgrq1-2.fna.fbcdn.net&_nc_cat=106&_nc_ohc=xQMn6e8n6e4Q7kNvgFOKucJ&gid=d098aad7563343038437285434b700a4&edm=AFg4Q8wBAAAA&ccb=7-5&ig_cache_key=MjkzNDUyMzcwMTEzNjkxNDg4Nw%3D%3D.2-ccb7-5&oh=00_AYDbENri8Rd_LVkJEIF_bWR82bcXGP5qYt6y4a08bQCL6g&oe=66AFECE8&_nc_sid=0b30b7	https://instagram.fgrq1-2.fna.fbcdn.net/v/t51.29350-15/308663316_196978079436690_4742655802929401196_n.jpg?stp=dst-jpg_e35&efg=eyJ2ZW5jb2RlX3RhZyI6ImltYWdlX3VybGdlbi4xNDQweDE4MDAuc2RyLmYyOTM1MCJ9&_nc_ht=instagram.fgrq1-2.fna.fbcdn.net&_nc_cat=106&_nc_ohc=xQMn6e8n6e4Q7kNvgFOKucJ&gid=d098aad7563343038437285434b700a4&edm=AFg4Q8wBAAAA&ccb=7-5&ig_cache_key=MjkzNDUyMzcwMTEzNjkxNDg4Nw%3D%3D.2-ccb7-5&oh=00_AYDbENri8Rd_LVkJEIF_bWR82bcXGP5qYt6y4a08bQCL6g&oe=66AFECE8&_nc_sid=0b30b7	AnnabelleForEveryone,AnnabelleCosmetics,AnnabelleStaysOn,Ad	3154	23	3				1664042508	Annabelle Cosmetics	@annabellecosmetics	makeup	cosmetics	
Cidccu9usS8	https://www.instagram.com/willow.allen/	Cidccu9usS8	Cidccu9usS8	Thank you @diorbeauty with my whole heart _____	2022-09-13 22:19:26	306711557_5455483524544891_4850677486864448835_n.jpg	willow.allen	Willow Allen	https://instagram.fgrq1-1.fna.fbcdn.net/v/t51.2885-19/298450771_629693175186828_3032796863016018186_n.jpg?stp=dst-jpg_s150x150&_nc_ht=instagram.fgrq1-1.fna.fbcdn.net&_nc_cat=100&_nc_ohc=9iCX8GS1VukQ7kNvgH4KHDg&edm=AFg4Q8wBAAAA&ccb=7-5&oh=00_AYAWRk-Gma788W6T1PdvKSdSIAGG3xdgBuOdr6kIFGGrRA&oe=66B01BAC&_nc_sid=0b30b7	photo	https://www.instagram.com/p/Cidccu9usS8	https://instagram.fgrq1-2.fna.fbcdn.net/v/t51.29350-15/306711557_5455483524544891_4850677486864448835_n.jpg?stp=dst-jpg_e35&efg=eyJ2ZW5jb2RlX3RhZyI6ImltYWdlX3VybGdlbi4xNDQweDE0NDAuc2RyLmYyOTM1MCJ9&_nc_ht=instagram.fgrq1-2.fna.fbcdn.net&_nc_cat=107&_nc_ohc=sE7QgfjtjxQQ7kNvgHF1zLV&edm=AFg4Q8wBAAAA&ccb=7-5&ig_cache_key=MjkyNjYyMDQ0NjgwNTQzMzg1MA%3D%3D.2-ccb7-5&oh=00_AYA3FlKoghvu888H4n7LKRpJTypcP3RR35SlAECaRxviFQ&oe=66AFFE05&_nc_sid=0b30b7	https://instagram.fgrq1-2.fna.fbcdn.net/v/t51.29350-15/306711557_5455483524544891_4850677486864448835_n.jpg?stp=dst-jpg_e35&efg=eyJ2ZW5jb2RlX3RhZyI6ImltYWdlX3VybGdlbi4xNDQweDE0NDAuc2RyLmYyOTM1MCJ9&_nc_ht=instagram.fgrq1-2.fna.fbcdn.net&_nc_cat=107&_nc_ohc=sE7QgfjtjxQQ7kNvgHF1zLV&edm=AFg4Q8wBAAAA&ccb=7-5&ig_cache_key=MjkyNjYyMDQ0NjgwNTQzMzg1MA%3D%3D.2-ccb7-5&oh=00_AYA3FlKoghvu888H4n7LKRpJTypcP3RR35SlAECaRxviFQ&oe=66AFFE05&_nc_sid=0b30b7		2759	17	4				1663100366	Dior Beauty Official	@diorbeauty	luxury makeup and skincare	cosmetics 	
CZKi9x6P-ul	https://www.instagram.com/willow.allen/	CZKi9x6P-ul	CZKi9x6P-ul	"@canadagoose X @varcticfashion 
 

 Recognition is so important! Canada Goose is recognizing Inuit artists and Inuit communities through their Project Atigi collection which features the beautiful design work of Victoria Kakuktinniq. I am so grateful and proud to be apart of this."	2022-01-25 20:28:16	272455753_504275891115358_8433288836228472364_n.jpg	willow.allen	Willow Allen	https://instagram.fgrq1-1.fna.fbcdn.net/v/t51.2885-19/298450771_629693175186828_3032796863016018186_n.jpg?stp=dst-jpg_s150x150&_nc_ht=instagram.fgrq1-1.fna.fbcdn.net&_nc_cat=100&_nc_ohc=9iCX8GS1VukQ7kNvgH4KHDg&edm=AFg4Q8wBAAAA&ccb=7-5&oh=00_AYAWRk-Gma788W6T1PdvKSdSIAGG3xdgBuOdr6kIFGGrRA&oe=66B01BAC&_nc_sid=0b30b7	mixed	https://www.instagram.com/p/CZKi9x6P-ul	https://instagram.fgrq1-1.fna.fbcdn.net/v/t51.29350-15/272455753_504275891115358_8433288836228472364_n.jpg?stp=dst-jpg_e35&efg=eyJ2ZW5jb2RlX3RhZyI6ImltYWdlX3VybGdlbi4xNDQweDE4MDAuc2RyLmYyOTM1MCJ9&_nc_ht=instagram.fgrq1-1.fna.fbcdn.net&_nc_cat=110&_nc_ohc=771c1C0h4pwQ7kNvgGULHGT&gid=bfdc246bbdb94311953ddeec208d1588&edm=AFg4Q8wBAAAA&ccb=7-5&ig_cache_key=Mjc1OTE3MTQ5NjIzMTA2OTk2NQ%3D%3D.2-ccb7-5&oh=00_AYDjtoueUL45_lIhsYPCdKkZVgUmiSS-JslZ-uos2WNIwA&oe=66B005A1&_nc_sid=0b30b7	https://instagram.fgrq1-1.fna.fbcdn.net/v/t51.29350-15/272455753_504275891115358_8433288836228472364_n.jpg?stp=dst-jpg_e35&efg=eyJ2ZW5jb2RlX3RhZyI6ImltYWdlX3VybGdlbi4xNDQweDE4MDAuc2RyLmYyOTM1MCJ9&_nc_ht=instagram.fgrq1-1.fna.fbcdn.net&_nc_cat=110&_nc_ohc=771c1C0h4pwQ7kNvgGULHGT&gid=bfdc246bbdb94311953ddeec208d1588&edm=AFg4Q8wBAAAA&ccb=7-5&ig_cache_key=Mjc1OTE3MTQ5NjIzMTA2OTk2NQ%3D%3D.2-ccb7-5&oh=00_AYDjtoueUL45_lIhsYPCdKkZVgUmiSS-JslZ-uos2WNIwA&oe=66B005A1&_nc_sid=0b30b7		2420	58	4				1643138896	Canada Goose	@canadagoose	outerwear	clothing	
CWeuxKPppnK	https://www.instagram.com/willow.allen/	CWeuxKPppnK	CWeuxKPppnK	Grateful __ @ellecanada @dior	2021-11-20 3:02:01	258181304_481698953136239_4659359175303077588_n.jpg	willow.allen	Willow Allen	https://instagram.fgrq1-1.fna.fbcdn.net/v/t51.2885-19/298450771_629693175186828_3032796863016018186_n.jpg?stp=dst-jpg_s150x150&_nc_ht=instagram.fgrq1-1.fna.fbcdn.net&_nc_cat=100&_nc_ohc=9iCX8GS1VukQ7kNvgH4KHDg&edm=AFg4Q8wBAAAA&ccb=7-5&oh=00_AYAWRk-Gma788W6T1PdvKSdSIAGG3xdgBuOdr6kIFGGrRA&oe=66B01BAC&_nc_sid=0b30b7	mixed	https://www.instagram.com/p/CWeuxKPppnK	https://instagram.fgrq1-1.fna.fbcdn.net/v/t51.29350-15/258181304_481698953136239_4659359175303077588_n.jpg?stp=dst-jpg_e35&efg=eyJ2ZW5jb2RlX3RhZyI6ImltYWdlX3VybGdlbi4xNDQweDE2NDcuc2RyLmYyOTM1MCJ9&_nc_ht=instagram.fgrq1-1.fna.fbcdn.net&_nc_cat=111&_nc_ohc=11TP4MqPFpQQ7kNvgFYIkcU&edm=AFg4Q8wBAAAA&ccb=7-5&ig_cache_key=MjcxMDgwOTcwOTY3MTM2MTM1Mw%3D%3D.2-ccb7-5&oh=00_AYDYMljXK30kYKL870eTqwNJ1sHk6A9_FoFiyTs0xOCvLg&oe=66B00AF7&_nc_sid=0b30b7	https://instagram.fgrq1-1.fna.fbcdn.net/v/t51.29350-15/258181304_481698953136239_4659359175303077588_n.jpg?stp=dst-jpg_e35&efg=eyJ2ZW5jb2RlX3RhZyI6ImltYWdlX3VybGdlbi4xNDQweDE2NDcuc2RyLmYyOTM1MCJ9&_nc_ht=instagram.fgrq1-1.fna.fbcdn.net&_nc_cat=111&_nc_ohc=11TP4MqPFpQQ7kNvgFYIkcU&edm=AFg4Q8wBAAAA&ccb=7-5&ig_cache_key=MjcxMDgwOTcwOTY3MTM2MTM1Mw%3D%3D.2-ccb7-5&oh=00_AYDYMljXK30kYKL870eTqwNJ1sHk6A9_FoFiyTs0xOCvLg&oe=66B00AF7&_nc_sid=0b30b7		1869	25	4	Montreal, Quebec	45.5038,-73.5744		1637373721	Dior Beauty Official	@dior	luxury makeup	cosmetics 	